Workbook

Sheet INPUT
A1: . | B1: . | C1: ▸ TRAVEL LOG (raw input) | U1: ▸ TOTALS | Y1: ▸ UNIQUE CITY STAYS | AH1: ▸ UNIQUE COUNTRY STAYS | AQ1: ▸ UNIQUE CONTINENT STAYS | AZ1: ▸ UNIQUE WB STAYS | BI1: ▸ COUNTRY ENTRIES | BQ1: ▸ ALL FLIGHTS | BX1: ▸ HOME STAYS | CC1: Stay Transit | CD1: ▸ TRANSIT STAYS | CI1: Repeated Transit | CJ1: ▸ REPEATED TRANSIT
A2: . | B2: . | C2: =MAX(C5:C1758) | D2: input | E2: input | F2: input | G2: input | H2: input | I2: input | J2: input | K2: CCC | L2: CCC | M2: CCC | N2: fla | O2: fla | P2: fla | Q2: fla | R2: fla | S2: tblHome | U2: =MAX(U5:U2100) | V2: =MAX(V5:V2100) | W2: =MAX(W5:W2100) | Y2: <>AIR | AF2: =MAX(stayCity[yr]) | AO2: =MAX(AN4:AN4999) | AX2: =MAX(AW5:AW5000) | BG2: =MAX(BG5:BG5000) | BK2: =COUNTIF(BK5:BK305,"<>0") | BO2: =COUNTIF(BO5:BO305,"<>0") | CK2: .
A3: . | B3: . | C3: id | D3: city | E3: in | F3: out | G3: flight | H3: home | I3: transit | J3: note | K3: prov | L3: ctry | M3: cont | N3: wb | O3: stay | P3: mth | Q3: yr | R3: dec | S3: notHome | U3: daysAbroad | Y3: ucityStay | Z3: in | AA3: out | AB3: city | AC3: in | AD3: out | AE3: stay | AF3: yr | AH3: uctryStay | AI3: in | AJ3: out | AK3: ctry | AL3: in | AM3: out | AN3: stay | AO3: id | AQ3: ucontStay | AR3: in | AS3: out | AT3: cont | AU3: in | AV3: out | AW3: stay | AX3: id | AZ3: uwb | BA3: in | BB3: out | BC3: wb | BD3: in | BE3: out | BF3: stay | BG3: id | BI3: uctryEntry | BK3: ctry | BL3: yr | BM3: . | BN3: ucontEntry | BO3: cont | BP3: . | BQ3: =MAX(BP5:BP5000) | BR3: outbound | BS3: inbound | BT3: route | BU3: date | BV3: . | BW3: =MAX(BV5:BV5000) | BX3: uhomeStay | BY3: in | BZ3: out | CA3: stay | CB3: . | CC3: =MAX(CB5:CB5000) | CD3: utransitStay | CE3: in | CF3: out | CG3: stay | CH3: . | CI3: =MAX(CH5:CH5000) | CJ3: uTransit | CK3: .
A4: . | B4: . | K4: =IF(raw[[#This Row],[city]]<>"",_xlfn.XLOOKUP($D4,ccc[city],ccc[prov],"-"),"-") | O4: =IF(raw[[#This Row],[out]]=0,0,IF(raw[[#This Row],[out]]=raw[[#This Row],[in]],0.01,raw[[#This Row],[out]]-raw[[#This Row],[in]])) | R4: =INT(raw[[#This Row],[yr]]/10)*10 | S4: =IF(raw[[#This Row],[city]]="","-",IF(raw[[#This Row],[city]]<>_xlfn.XLOOKUP(raw[[#This Row],[home]],homes[home],homes[city],"-"),1,0)) | Y4: {=_xlfn.LET(_xlpm.ct0,raw[city],_xlpm.di0,raw[in],_xlpm.do0,raw[out],_xlpm.m,(_xlpm.ct0<>"AIR")*(_xlpm.ct0<>"Today")*(_xlpm.ct0<>"-")*(_xlpm.di0<>_xlpm.do0),_xlpm.ct,_xlfn._xlws.FILTER(_xlpm.ct0,_xlpm.m),_xlpm.di,_xlfn._xlws.FILTER(_xlpm.di0,_xlpm.m),_xlpm.do,_xlfn._xlws.FILTER(_xlpm.do0,_xlpm.m),_xlpm.n,ROWS(_xlpm.ct),_xlpm.isStart,(_xlfn.SEQUENCE(_xlpm.n)=1)+(_xlpm.ct<>_xlfn.IFNA(INDEX(_xlpm.ct,_xlfn.SEQUENCE(_xlpm.n)-1),"")),_xlpm.idx,_xlfn._xlws.FILTER(_xlfn.SEQUENCE(_xlpm.n),_xlpm.isStart),_xlpm.endIdx,_xlfn.VSTACK(_xlfn.DROP(_xlpm.idx,1),_xlpm.n+1)-1,_xlfn.HSTACK(INDEX(_xlpm.ct,_xlpm.idx),INDEX(_xlpm.di,_xlpm.idx),INDEX(_xlpm.do,_xlpm.endIdx)))} | AB4: {=_xlfn.LET(_xlpm.S,_xlfn.ANCHORARRAY($Y$4),_xlpm.r,ROWS(stayCity[[#Headers],[city]]:stayCity[[#This Row],[city]])-1,IF(_xlpm.r<=ROWS(_xlpm.S),INDEX(_xlpm.S,_xlpm.r,1),""))} | AC4: {=_xlfn.LET(_xlpm.S,_xlfn.ANCHORARRAY($Y$4),_xlpm.r,ROWS(stayCity[[#Headers],[city]]:stayCity[[#This Row],[city]])-1,IF(_xlpm.r<=ROWS(_xlpm.S),INDEX(_xlpm.S,_xlpm.r,2),""))} | AD4: {=_xlfn.LET(_xlpm.S,_xlfn.ANCHORARRAY($Y$4),_xlpm.r,ROWS(stayCity[[#Headers],[city]]:stayCity[[#This Row],[city]])-1,IF(_xlpm.r<=ROWS(_xlpm.S),INDEX(_xlpm.S,_xlpm.r,3),""))} | BL4: =BJ4 | CK4: .
A5: . | B5: . | C5: =IF(raw[[#This Row],[city]]="","-",IF(raw[[#This Row],[city]]="TODAY","-",C4+1)) | D5: SSA | E5: 26170 | F5: 26299 | G5: - | H5: Vitoria Regia | I5: - | J5: - | K5: =IF(raw[[#This Row],[city]]<>"",_xlfn.XLOOKUP($D5,ccc[city],ccc[prov],"-"),"-") | L5: =IF(raw[[#This Row],[city]]<>"",_xlfn.XLOOKUP($D5,ccc[city],ccc[ctry],"-"),"-") | M5: =IF(raw[[#This Row],[city]]<>"",_xlfn.XLOOKUP($D5,ccc[city],ccc[cont],"-"),"-") | N5: =IF(raw[[#This Row],[city]]="","-",IF(raw[[#This Row],[cont]]="B",raw[[#This Row],[cont]],"W")) | O5: =IF(raw[[#This Row],[out]]=0,0,IF(raw[[#This Row],[out]]=raw[[#This Row],[in]],0.01,raw[[#This Row],[out]]-raw[[#This Row],[in]])) | P5: =IF(raw[[#This Row],[in]]=0,0,MONTH(raw[[#This Row],[in]])) | Q5: =IF(raw[[#This Row],[in]]=0,0,YEAR(raw[[#This Row],[in]])) | R5: =INT(raw[[#This Row],[yr]]/10)*10 | S5: =IF(raw[[#This Row],[city]]="","-",IF(raw[[#This Row],[city]]<>_xlfn.XLOOKUP(raw[[#This Row],[home]],homes[home],homes[city],"-"),1,0)) | T5: . | U5: =IF(raw[[#This Row],[wb]]="w",raw[[#This Row],[stay]]+U4,U4) | V5: =IF(raw[[#This Row],[out]]=0,V4,(raw[[#This Row],[out]]-E$5)) | W5: =U5/V5 | X5: . | AB5: {=_xlfn.LET(_xlpm.S,_xlfn.ANCHORARRAY($Y$4),_xlpm.r,ROWS(stayCity[[#Headers],[city]]:stayCity[[#This Row],[city]])-1,IF(_xlpm.r<=ROWS(_xlpm.S),INDEX(_xlpm.S,_xlpm.r,1),""))} | AC5: {=_xlfn.LET(_xlpm.S,_xlfn.ANCHORARRAY($Y$4),_xlpm.r,ROWS(stayCity[[#Headers],[city]]:stayCity[[#This Row],[city]])-1,IF(_xlpm.r<=ROWS(_xlpm.S),INDEX(_xlpm.S,_xlpm.r,2),""))} | AD5: {=_xlfn.LET(_xlpm.S,_xlfn.ANCHORARRAY($Y$4),_xlpm.r,ROWS(stayCity[[#Headers],[city]]:stayCity[[#This Row],[city]])-1,IF(_xlpm.r<=ROWS(_xlpm.S),INDEX(_xlpm.S,_xlpm.r,3),""))} | AE5: =IF(stayCity[[#This Row],[out]]<>"",stayCity[[#This Row],[out]]-stayCity[[#This Row],[in]],"-") | AF5: =IF(Y5="","-",YEAR(stayCity[[#This Row],[in]])) | AG5: . | AH5: {=_xlfn.LET(_xlpm.ct0,raw[ctry],_xlpm.di0,raw[in],_xlpm.do0,raw[out],_xlpm.m,(_xlpm.ct0<>"AIR")*(_xlpm.ct0<>"Today")*(_xlpm.ct0<>"-")*(_xlpm.di0<>_xlpm.do0),_xlpm.ct,_xlfn._xlws.FILTER(_xlpm.ct0,_xlpm.m),_xlpm.di,_xlfn._xlws.FILTER(_xlpm.di0,_xlpm.m),_xlpm.do,_xlfn._xlws.FILTER(_xlpm.do0,_xlpm.m),_xlpm.n,ROWS(_xlpm.ct),_xlpm.isStart,(_xlfn.SEQUENCE(_xlpm.n)=1)+(_xlpm.ct<>_xlfn.IFNA(INDEX(_xlpm.ct,_xlfn.SEQUENCE(_xlpm.n)-1),"")),_xlpm.idx,_xlfn._xlws.FILTER(_xlfn.SEQUENCE(_xlpm.n),_xlpm.isStart),_xlpm.endIdx,_xlfn.VSTACK(_xlfn.DROP(_xlpm.idx,1),_xlpm.n+1)-1,_xlfn.HSTACK(INDEX(_xlpm.ct,_xlpm.idx),INDEX(_xlpm.di,_xlpm.idx),INDEX(_xlpm.do,_xlpm.endIdx)))} | AK5: =IF(AH5="","-",AH5) | AL5: =AI5 | AM5: =AJ5 | AN5: =stayCtry[[#This Row],[out]]-stayCtry[[#This Row],[in]] | AO5: 1 | AP5: . | AQ5: {=_xlfn.LET(_xlpm.ct0,raw[cont],_xlpm.di0,raw[in],_xlpm.do0,raw[out],_xlpm.m,(_xlpm.ct0<>0)*(_xlpm.ct0<>"Today")*(_xlpm.ct0<>"-")*(_xlpm.di0<>_xlpm.do0),_xlpm.ct,_xlfn._xlws.FILTER(_xlpm.ct0,_xlpm.m),_xlpm.di,_xlfn._xlws.FILTER(_xlpm.di0,_xlpm.m),_xlpm.do,_xlfn._xlws.FILTER(_xlpm.do0,_xlpm.m),_xlpm.n,ROWS(_xlpm.ct),_xlpm.isStart,(_xlfn.SEQUENCE(_xlpm.n)=1)+(_xlpm.ct<>_xlfn.IFNA(INDEX(_xlpm.ct,_xlfn.SEQUENCE(_xlpm.n)-1),"")),_xlpm.idx,_xlfn._xlws.FILTER(_xlfn.SEQUENCE(_xlpm.n),_xlpm.isStart),_xlpm.endIdx,_xlfn.VSTACK(_xlfn.DROP(_xlpm.idx,1),_xlpm.n+1)-1,_xlfn.HSTACK(INDEX(_xlpm.ct,_xlpm.idx),INDEX(_xlpm.di,_xlpm.idx),INDEX(_xlpm.do,_xlpm.endIdx)))} | AT5: =AQ5 | AU5: =AR5 | AV5: =AS5 | AW5: =stayCont[[#This Row],[out]]-stayCont[[#This Row],[in]] | AX5: 1 | AY5: . | AZ5: {=_xlfn.LET(_xlpm.ct0,raw[wb],_xlpm.di0,raw[in],_xlpm.do0,raw[out],_xlpm.m,(_xlpm.ct0<>0)*(_xlpm.ct0<>"Today")*(_xlpm.ct0<>"-")*(_xlpm.di0<>_xlpm.do0),_xlpm.ct,_xlfn._xlws.FILTER(_xlpm.ct0,_xlpm.m),_xlpm.di,_xlfn._xlws.FILTER(_xlpm.di0,_xlpm.m),_xlpm.do,_xlfn._xlws.FILTER(_xlpm.do0,_xlpm.m),_xlpm.n,ROWS(_xlpm.ct),_xlpm.isStart,(_xlfn.SEQUENCE(_xlpm.n)=1)+(_xlpm.ct<>_xlfn.IFNA(INDEX(_xlpm.ct,_xlfn.SEQUENCE(_xlpm.n)-1),"")),_xlpm.idx,_xlfn._xlws.FILTER(_xlfn.SEQUENCE(_xlpm.n),_xlpm.isStart),_xlpm.endIdx,_xlfn.VSTACK(_xlfn.DROP(_xlpm.idx,1),_xlpm.n+1)-1,_xlpm.res,_xlfn.HSTACK(INDEX(_xlpm.ct,_xlpm.idx),INDEX(_xlpm.di,_xlpm.idx),INDEX(_xlpm.do,_xlpm.endIdx)),IFERROR(_xlfn._xlws.FILTER(_xlpm.res,INDEX(_xlpm.res,,1)="W"),""))} | BC5: =AZ5 | BD5: =BA5 | BE5: =BB5 | BF5: =stayWB[[#This Row],[out]]-stayWB[[#This Row],[in]] | BG5: 1 | BH5: . | BI5: {=_xlfn.LET(_xlpm.col0,raw[ctry],_xlpm.yr0,raw[yr],_xlpm.val,IFERROR(IF(ISNUMBER(_xlpm.col0),_xlpm.col0,TRIM(_xlpm.col0)),""),_xlpm.mask,(_xlpm.val<>"AIR")*(_xlpm.val<>"")*(_xlpm.val<>0)*(_xlpm.val<>"-"),_xlpm.col,_xlfn._xlws.FILTER(_xlpm.val,_xlpm.mask),_xlpm.yr,_xlfn._xlws.FILTER(_xlpm.yr0,_xlpm.mask),_xlpm.n,ROWS(_xlpm.col),_xlpm.start,(_xlfn.SEQUENCE(_xlpm.n)=1)+(_xlpm.col<>_xlfn.IFNA(INDEX(_xlpm.col,_xlfn.SEQUENCE(_xlpm.n)-1),"")),_xlpm.idx,_xlfn._xlws.FILTER(_xlfn.SEQUENCE(_xlpm.n),_xlpm.start),_xlfn.HSTACK(INDEX(_xlpm.col,_xlpm.idx),INDEX(_xlpm.yr,_xlpm.idx)))} | BJ5: 1971 | BK5: =BI5 | BL5: =BJ5 | BM5: . | BN5: {=_xlfn.LET(_xlpm.col0,raw[cont],_xlpm.val,IFERROR(IF(ISNUMBER(_xlpm.col0),_xlpm.col0,TRIM(_xlpm.col0)),""),_xlpm.mask,(_xlpm.val<>"")*(_xlpm.val<>0)*(_xlpm.val<>"-"),_xlpm.col,_xlfn._xlws.FILTER(_xlpm.val,_xlpm.mask),_xlpm.n,ROWS(_xlpm.col),_xlpm.start,(_xlfn.SEQUENCE(_xlpm.n)=1)+(_xlpm.col<>_xlfn.IFNA(INDEX(_xlpm.col,_xlfn.SEQUENCE(_xlpm.n)-1),"")),_xlpm.idx,_xlfn._xlws.FILTER(_xlfn.SEQUENCE(_xlpm.n),_xlpm.start),INDEX(_xlpm.col,_xlpm.idx))} | BO5: =BN5 | BP5: . | BQ5: 1 | BR5: {=_xlfn.LET(_xlpm.f,raw[flight],_xlpm.city,raw[city],_xlpm.dOut,raw[out], _xlpm.n,ROWS(_xlpm.city), _xlpm.startIdx,_xlfn._xlws.FILTER(_xlfn.SEQUENCE(_xlpm.n),(_xlpm.city<>"AIR")*ISNUMBER(_xlpm.f)*((_xlpm.f=1)+(_xlpm.f=0.01))), _xlpm.nextOk,_xlfn._xlws.FILTER(_xlfn.SEQUENCE(_xlpm.n),_xlpm.city<>"AIR"), _xlpm.toIdx,_xlfn.IFNA(_xlfn.XLOOKUP(_xlpm.startIdx+0.1,_xlpm.nextOk,_xlpm.nextOk,,1),""), _xlpm.fromCity,INDEX(_xlpm.city,_xlpm.startIdx), _xlpm.toCity,_xlfn.IFNA(INDEX(_xlpm.city,_xlpm.toIdx),""), _xlpm.outDate,INDEX(_xlpm.dOut,_xlpm.startIdx), _xlfn._xlws.FILTER(_xlfn.HSTACK(_xlpm.fromCity,_xlpm.toCity,_xlpm.fromCity&"-"&_xlpm.toCity,_xlpm.outDate),_xlpm.toCity<>""))} | BS5: SSA | BT5: Aracaju-SSA | BU5: 29254 | BV5: . | BW5: 1 | BX5: {=_xlfn.LET(_xlpm.ct,raw[home],_xlpm.di,raw[in],_xlpm.do,raw[out],_xlpm.n,ROWS(_xlpm.ct),_xlpm.isStart,(_xlfn.SEQUENCE(_xlpm.n)=1)+(_xlpm.ct<>_xlfn.IFNA(INDEX(_xlpm.ct,_xlfn.SEQUENCE(_xlpm.n)-1),"")),_xlpm.idx,_xlfn._xlws.FILTER(_xlfn.SEQUENCE(_xlpm.n),_xlpm.isStart),_xlpm.nextIdx,_xlfn.VSTACK(_xlfn.DROP(_xlpm.idx,1),_xlpm.n+1),_xlpm.endIdx,_xlpm.nextIdx-1,_xlpm.res,_xlfn.HSTACK(INDEX(_xlpm.ct,_xlpm.idx),INDEX(_xlpm.di,_xlpm.idx),INDEX(_xlpm.do,_xlpm.endIdx)),_xlfn._xlws.FILTER(_xlpm.res,(INDEX(_xlpm.di,_xlpm.idx)<>INDEX(_xlpm.do,_xlpm.endIdx))*(INDEX(_xlpm.ct,_xlpm.idx)<>0)*(INDEX(_xlpm.ct,_xlpm.idx)<>"transit")))} | CA5: =BZ5-BY5 | CB5: . | CC5: 1 | CD5: {=_xlfn.LET(_xlpm.ct,raw[transit],_xlpm.di,raw[in],_xlpm.do,raw[out],_xlpm.n,ROWS(_xlpm.ct),_xlpm.isStart,(_xlfn.SEQUENCE(_xlpm.n)=1)+(_xlpm.ct<>_xlfn.IFNA(INDEX(_xlpm.ct,_xlfn.SEQUENCE(_xlpm.n)-1),"")),_xlpm.idx,_xlfn._xlws.FILTER(_xlfn.SEQUENCE(_xlpm.n),_xlpm.isStart),_xlpm.nextIdx,_xlfn.VSTACK(_xlfn.DROP(_xlpm.idx,1),_xlpm.n+1),_xlpm.endIdx,_xlpm.nextIdx-1,_xlpm.res,_xlfn.HSTACK(INDEX(_xlpm.ct,_xlpm.idx),INDEX(_xlpm.di,_xlpm.idx),INDEX(_xlpm.do,_xlpm.endIdx)),_xlfn._xlws.FILTER(_xlpm.res,(INDEX(_xlpm.di,_xlpm.idx)<>INDEX(_xlpm.do,_xlpm.endIdx))*(INDEX(_xlpm.ct,_xlpm.idx)<>0)*(INDEX(_xlpm.ct,_xlpm.idx)<>"-")))} | CE5: 33587 | CF5: 33594 | CG5: =CF5-CE5 | CH5: . | CI5: 1 | CJ5: {=_xlfn.UNIQUE(CD5:CD300)} | CK5: .
A6: . | B6: . | C6: =IF(raw[[#This Row],[city]]="","-",IF(raw[[#This Row],[city]]="TODAY","-",C5+1)) | D6: SSA | E6: 26299 | F6: 26359 | G6: - | H6: Vitoria Regia | I6: - | J6: REV | K6: =IF(raw[[#This Row],[city]]<>"",_xlfn.XLOOKUP($D6,ccc[city],ccc[prov],"-"),"-") | L6: =IF(raw[[#This Row],[city]]<>"",_xlfn.XLOOKUP($D6,ccc[city],ccc[ctry],"-"),"-") | M6: =IF(raw[[#This Row],[city]]<>"",_xlfn.XLOOKUP($D6,ccc[city],ccc[cont],"-"),"-") | N6: =IF(raw[[#This Row],[city]]="","-",IF(raw[[#This Row],[cont]]="B",raw[[#This Row],[cont]],"W")) | O6: =IF(raw[[#This Row],[out]]=0,0,IF(raw[[#This Row],[out]]=raw[[#This Row],[in]],0.01,raw[[#This Row],[out]]-raw[[#This Row],[in]])) | P6: =IF(raw[[#This Row],[in]]=0,0,MONTH(raw[[#This Row],[in]])) | Q6: =IF(raw[[#This Row],[in]]=0,0,YEAR(raw[[#This Row],[in]])) | R6: =INT(raw[[#This Row],[yr]]/10)*10 | S6: =IF(raw[[#This Row],[city]]="","-",IF(raw[[#This Row],[city]]<>_xlfn.XLOOKUP(raw[[#This Row],[home]],homes[home],homes[city],"-"),1,0)) | T6: . | U6: =IF(raw[[#This Row],[wb]]="w",raw[[#This Row],[stay]]+U5,U5) | V6: =IF(raw[[#This Row],[out]]=0,V5,(raw[[#This Row],[out]]-E$5)) | W6: =U6/V6 | X6: . | AB6: {=_xlfn.LET(_xlpm.S,_xlfn.ANCHORARRAY($Y$4),_xlpm.r,ROWS(stayCity[[#Headers],[city]]:stayCity[[#This Row],[city]])-1,IF(_xlpm.r<=ROWS(_xlpm.S),INDEX(_xlpm.S,_xlpm.r,1),""))} | AC6: {=_xlfn.LET(_xlpm.S,_xlfn.ANCHORARRAY($Y$4),_xlpm.r,ROWS(stayCity[[#Headers],[city]]:stayCity[[#This Row],[city]])-1,IF(_xlpm.r<=ROWS(_xlpm.S),INDEX(_xlpm.S,_xlpm.r,2),""))} | AD6: {=_xlfn.LET(_xlpm.S,_xlfn.ANCHORARRAY($Y$4),_xlpm.r,ROWS(stayCity[[#Headers],[city]]:stayCity[[#This Row],[city]])-1,IF(_xlpm.r<=ROWS(_xlpm.S),INDEX(_xlpm.S,_xlpm.r,3),""))} | AE6: =IF(stayCity[[#This Row],[out]]<>"",stayCity[[#This Row],[out]]-stayCity[[#This Row],[in]],"-") | AF6: =IF(Y6="","-",YEAR(stayCity[[#This Row],[in]])) | AG6: . | AK6: =IF(AH6="","-",AH6) | AL6: =AI6 | AM6: =AJ6 | AN6: =stayCtry[[#This Row],[out]]-stayCtry[[#This Row],[in]] | AO6: =IF(AI6<>"",AO5+1,AO5) | AP6: . | AT6: =AQ6 | AU6: =AR6 | AV6: =AS6 | AW6: =stayCont[[#This Row],[out]]-stayCont[[#This Row],[in]] | AX6: =IF(AR6<>"",AX5+1,AX5) | AY6: . | BC6: =AZ6 | BD6: =BA6 | BE6: =BB6 | BF6: =stayWB[[#This Row],[out]]-stayWB[[#This Row],[in]] | BG6: =IF(BB6<>"",BG5+1,BG5) | BH6: . | BI6: PER | BJ6: 1982 | BK6: =BI6 | BL6: =BJ6 | BM6: . | BN6: Z | BO6: =BN6 | BP6: . | BQ6: =IF(BR6<>"",BQ5+1,BQ5) | BR6: SSA | BS6: Rio | BT6: SSA-Rio | BU6: 29957 | BV6: . | BW6: =IF(BX6<>"",BW5+1,BW5) | CA6: =BZ6-BY6 | CB6: . | CC6: =IF(CD6<>"",CC5+1,CC5) | CD6: Anibal/Vila Mariana | CE6: 33618 | CF6: 33625 | CG6: =CF6-CE6 | CH6: . | CI6: =IF(CJ6<>"",CI5+1,CI5) | CJ6: Anibal/Vila Mariana | CK6: .
A7: . | B7: . | C7: =IF(raw[[#This Row],[city]]="","-",IF(raw[[#This Row],[city]]="TODAY","-",C6+1)) | D7: SSA | E7: 26359 | F7: 26665 | G7: - | H7: Greenfeld | I7: - | J7: - | K7: =IF(raw[[#This Row],[city]]<>"",_xlfn.XLOOKUP($D7,ccc[city],ccc[prov],"-"),"-") | L7: =IF(raw[[#This Row],[city]]<>"",_xlfn.XLOOKUP($D7,ccc[city],ccc[ctry],"-"),"-") | M7: =IF(raw[[#This Row],[city]]<>"",_xlfn.XLOOKUP($D7,ccc[city],ccc[cont],"-"),"-") | N7: =IF(raw[[#This Row],[city]]="","-",IF(raw[[#This Row],[cont]]="B",raw[[#This Row],[cont]],"W")) | O7: =IF(raw[[#This Row],[out]]=0,0,IF(raw[[#This Row],[out]]=raw[[#This Row],[in]],0.01,raw[[#This Row],[out]]-raw[[#This Row],[in]])) | P7: =IF(raw[[#This Row],[in]]=0,0,MONTH(raw[[#This Row],[in]])) | Q7: =IF(raw[[#This Row],[in]]=0,0,YEAR(raw[[#This Row],[in]])) | R7: =INT(raw[[#This Row],[yr]]/10)*10 | S7: =IF(raw[[#This Row],[city]]="","-",IF(raw[[#This Row],[city]]<>_xlfn.XLOOKUP(raw[[#This Row],[home]],homes[home],homes[city],"-"),1,0)) | T7: . | U7: =IF(raw[[#This Row],[wb]]="w",raw[[#This Row],[stay]]+U6,U6) | V7: =IF(raw[[#This Row],[out]]=0,V6,(raw[[#This Row],[out]]-E$5)) | W7: =U7/V7 | X7: . | AB7: {=_xlfn.LET(_xlpm.S,_xlfn.ANCHORARRAY($Y$4),_xlpm.r,ROWS(stayCity[[#Headers],[city]]:stayCity[[#This Row],[city]])-1,IF(_xlpm.r<=ROWS(_xlpm.S),INDEX(_xlpm.S,_xlpm.r,1),""))} | AC7: {=_xlfn.LET(_xlpm.S,_xlfn.ANCHORARRAY($Y$4),_xlpm.r,ROWS(stayCity[[#Headers],[city]]:stayCity[[#This Row],[city]])-1,IF(_xlpm.r<=ROWS(_xlpm.S),INDEX(_xlpm.S,_xlpm.r,2),""))} | AD7: {=_xlfn.LET(_xlpm.S,_xlfn.ANCHORARRAY($Y$4),_xlpm.r,ROWS(stayCity[[#Headers],[city]]:stayCity[[#This Row],[city]])-1,IF(_xlpm.r<=ROWS(_xlpm.S),INDEX(_xlpm.S,_xlpm.r,3),""))} | AE7: =IF(stayCity[[#This Row],[out]]<>"",stayCity[[#This Row],[out]]-stayCity[[#This Row],[in]],"-") | AF7: =IF(Y7="","-",YEAR(stayCity[[#This Row],[in]])) | AG7: . | AK7: =IF(AH7="","-",AH7) | AL7: =AI7 | AM7: =AJ7 | AN7: =stayCtry[[#This Row],[out]]-stayCtry[[#This Row],[in]] | AO7: =IF(AI7<>"",AO6+1,AO6) | AP7: . | AT7: =AQ7 | AU7: =AR7 | AV7: =AS7 | AW7: =stayCont[[#This Row],[out]]-stayCont[[#This Row],[in]] | AX7: =IF(AR7<>"",AX6+1,AX6) | AY7: . | BC7: =AZ7 | BD7: =BA7 | BE7: =BB7 | BF7: =stayWB[[#This Row],[out]]-stayWB[[#This Row],[in]] | BG7: =IF(BB7<>"",BG6+1,BG6) | BH7: . | BI7: MEX | BJ7: 1982 | BK7: =BI7 | BL7: =BJ7 | BM7: . | BN7: S | BO7: =BN7 | BP7: . | BQ7: =IF(BR7<>"",BQ6+1,BQ6) | BR7: Rio | BS7: Lima | BT7: Rio-Lima | BU7: 29957 | BV7: . | BW7: =IF(BX7<>"",BW6+1,BW6) | CA7: =BZ7-BY7 | CB7: . | CC7: =IF(CD7<>"",CC6+1,CC6) | CD7: Anibal/Bela Vista | CE7: 33676 | CF7: 33695 | CG7: =CF7-CE7 | CH7: . | CI7: =IF(CJ7<>"",CI6+1,CI6) | CJ7: Greenfeld | CK7: .
A8: . | B8: . | C8: =IF(raw[[#This Row],[city]]="","-",IF(raw[[#This Row],[city]]="TODAY","-",C7+1)) | D8: SSA | E8: 26665 | F8: 27030 | G8: - | H8: =H7 | I8: - | J8: REV | K8: =IF(raw[[#This Row],[city]]<>"",_xlfn.XLOOKUP($D8,ccc[city],ccc[prov],"-"),"-") | L8: =IF(raw[[#This Row],[city]]<>"",_xlfn.XLOOKUP($D8,ccc[city],ccc[ctry],"-"),"-") | M8: =IF(raw[[#This Row],[city]]<>"",_xlfn.XLOOKUP($D8,ccc[city],ccc[cont],"-"),"-") | N8: =IF(raw[[#This Row],[city]]="","-",IF(raw[[#This Row],[cont]]="B",raw[[#This Row],[cont]],"W")) | O8: =IF(raw[[#This Row],[out]]=0,0,IF(raw[[#This Row],[out]]=raw[[#This Row],[in]],0.01,raw[[#This Row],[out]]-raw[[#This Row],[in]])) | P8: =IF(raw[[#This Row],[in]]=0,0,MONTH(raw[[#This Row],[in]])) | Q8: =IF(raw[[#This Row],[in]]=0,0,YEAR(raw[[#This Row],[in]])) | R8: =INT(raw[[#This Row],[yr]]/10)*10 | S8: =IF(raw[[#This Row],[city]]="","-",IF(raw[[#This Row],[city]]<>_xlfn.XLOOKUP(raw[[#This Row],[home]],homes[home],homes[city],"-"),1,0)) | T8: . | U8: =IF(raw[[#This Row],[wb]]="w",raw[[#This Row],[stay]]+U7,U7) | V8: =IF(raw[[#This Row],[out]]=0,V7,(raw[[#This Row],[out]]-E$5)) | W8: =U8/V8 | X8: . | AB8: {=_xlfn.LET(_xlpm.S,_xlfn.ANCHORARRAY($Y$4),_xlpm.r,ROWS(stayCity[[#Headers],[city]]:stayCity[[#This Row],[city]])-1,IF(_xlpm.r<=ROWS(_xlpm.S),INDEX(_xlpm.S,_xlpm.r,1),""))} | AC8: {=_xlfn.LET(_xlpm.S,_xlfn.ANCHORARRAY($Y$4),_xlpm.r,ROWS(stayCity[[#Headers],[city]]:stayCity[[#This Row],[city]])-1,IF(_xlpm.r<=ROWS(_xlpm.S),INDEX(_xlpm.S,_xlpm.r,2),""))} | AD8: {=_xlfn.LET(_xlpm.S,_xlfn.ANCHORARRAY($Y$4),_xlpm.r,ROWS(stayCity[[#Headers],[city]]:stayCity[[#This Row],[city]])-1,IF(_xlpm.r<=ROWS(_xlpm.S),INDEX(_xlpm.S,_xlpm.r,3),""))} | AE8: =IF(stayCity[[#This Row],[out]]<>"",stayCity[[#This Row],[out]]-stayCity[[#This Row],[in]],"-") | AF8: =IF(Y8="","-",YEAR(stayCity[[#This Row],[in]])) | AG8: . | AK8: =IF(AH8="","-",AH8) | AL8: =AI8 | AM8: =AJ8 | AN8: =stayCtry[[#This Row],[out]]-stayCtry[[#This Row],[in]] | AO8: =IF(AI8<>"",AO7+1,AO7) | AP8: . | AT8: =AQ8 | AU8: =AR8 | AV8: =AS8 | AW8: =stayCont[[#This Row],[out]]-stayCont[[#This Row],[in]] | AX8: =IF(AR8<>"",AX7+1,AX7) | AY8: . | BC8: =AZ8 | BD8: =BA8 | BE8: =BB8 | BF8: =stayWB[[#This Row],[out]]-stayWB[[#This Row],[in]] | BG8: =IF(BB8<>"",BG7+1,BG7) | BH8: . | BI8: USA | BJ8: 1982 | BK8: =BI8 | BL8: =BJ8 | BM8: . | BN8: Z | BO8: =BN8 | BP8: . | BQ8: =IF(BR8<>"",BQ7+1,BQ7) | BR8: Lima | BS8: Cuzco | BT8: Lima-Cuzco | BU8: 29959 | BV8: . | BW8: =IF(BX8<>"",BW7+1,BW7) | CA8: =BZ8-BY8 | CB8: . | CC8: =IF(CD8<>"",CC7+1,CC7) | CD8: Greenfeld | CE8: 33703 | CF8: 33713 | CG8: =CF8-CE8 | CH8: . | CI8: =IF(CJ8<>"",CI7+1,CI7) | CJ8: Meier | CK8: .
A9: . | B9: . | C9: =IF(raw[[#This Row],[city]]="","-",IF(raw[[#This Row],[city]]="TODAY","-",C8+1)) | D9: SSA | E9: 27030 | F9: 27395 | G9: - | H9: =H8 | I9: - | J9: REV | K9: =IF(raw[[#This Row],[city]]<>"",_xlfn.XLOOKUP($D9,ccc[city],ccc[prov],"-"),"-") | L9: =IF(raw[[#This Row],[city]]<>"",_xlfn.XLOOKUP($D9,ccc[city],ccc[ctry],"-"),"-") | M9: =IF(raw[[#This Row],[city]]<>"",_xlfn.XLOOKUP($D9,ccc[city],ccc[cont],"-"),"-") | N9: =IF(raw[[#This Row],[city]]="","-",IF(raw[[#This Row],[cont]]="B",raw[[#This Row],[cont]],"W")) | O9: =IF(raw[[#This Row],[out]]=0,0,IF(raw[[#This Row],[out]]=raw[[#This Row],[in]],0.01,raw[[#This Row],[out]]-raw[[#This Row],[in]])) | P9: =IF(raw[[#This Row],[in]]=0,0,MONTH(raw[[#This Row],[in]])) | Q9: =IF(raw[[#This Row],[in]]=0,0,YEAR(raw[[#This Row],[in]])) | R9: =INT(raw[[#This Row],[yr]]/10)*10 | S9: =IF(raw[[#This Row],[city]]="","-",IF(raw[[#This Row],[city]]<>_xlfn.XLOOKUP(raw[[#This Row],[home]],homes[home],homes[city],"-"),1,0)) | T9: . | U9: =IF(raw[[#This Row],[wb]]="w",raw[[#This Row],[stay]]+U8,U8) | V9: =IF(raw[[#This Row],[out]]=0,V8,(raw[[#This Row],[out]]-E$5)) | W9: =U9/V9 | X9: . | AB9: {=_xlfn.LET(_xlpm.S,_xlfn.ANCHORARRAY($Y$4),_xlpm.r,ROWS(stayCity[[#Headers],[city]]:stayCity[[#This Row],[city]])-1,IF(_xlpm.r<=ROWS(_xlpm.S),INDEX(_xlpm.S,_xlpm.r,1),""))} | AC9: {=_xlfn.LET(_xlpm.S,_xlfn.ANCHORARRAY($Y$4),_xlpm.r,ROWS(stayCity[[#Headers],[city]]:stayCity[[#This Row],[city]])-1,IF(_xlpm.r<=ROWS(_xlpm.S),INDEX(_xlpm.S,_xlpm.r,2),""))} | AD9: {=_xlfn.LET(_xlpm.S,_xlfn.ANCHORARRAY($Y$4),_xlpm.r,ROWS(stayCity[[#Headers],[city]]:stayCity[[#This Row],[city]])-1,IF(_xlpm.r<=ROWS(_xlpm.S),INDEX(_xlpm.S,_xlpm.r,3),""))} | AE9: =IF(stayCity[[#This Row],[out]]<>"",stayCity[[#This Row],[out]]-stayCity[[#This Row],[in]],"-") | AF9: =IF(Y9="","-",YEAR(stayCity[[#This Row],[in]])) | AG9: . | AK9: =IF(AH9="","-",AH9) | AL9: =AI9 | AM9: =AJ9 | AN9: =stayCtry[[#This Row],[out]]-stayCtry[[#This Row],[in]] | AO9: =IF(AI9<>"",AO8+1,AO8) | AP9: . | AT9: =AQ9 | AU9: =AR9 | AV9: =AS9 | AW9: =stayCont[[#This Row],[out]]-stayCont[[#This Row],[in]] | AX9: =IF(AR9<>"",AX8+1,AX8) | AY9: . | BC9: =AZ9 | BD9: =BA9 | BE9: =BB9 | BF9: =stayWB[[#This Row],[out]]-stayWB[[#This Row],[in]] | BG9: =IF(BB9<>"",BG8+1,BG8) | BH9: . | BI9: BRA | BJ9: 1982 | BK9: =BI9 | BL9: =BJ9 | BM9: . | BN9: N | BO9: =BN9 | BP9: . | BQ9: =IF(BR9<>"",BQ8+1,BQ8) | BR9: Cuzco | BS9: Lima | BT9: Cuzco-Lima | BU9: 29961 | BV9: . | BW9: =IF(BX9<>"",BW8+1,BW8) | CA9: =BZ9-BY9 | CB9: . | CC9: =IF(CD9<>"",CC8+1,CC8) | CD9: Greenfeld | CE9: 33786 | CF9: 33821 | CG9: =CF9-CE9 | CH9: . | CI9: =IF(CJ9<>"",CI8+1,CI8) | CJ9: Ondina | CK9: .
A10: . | B10: . | C10: =IF(raw[[#This Row],[city]]="","-",IF(raw[[#This Row],[city]]="TODAY","-",C9+1)) | D10: SSA | E10: 27395 | F10: 27426 | G10: - | H10: =H9 | I10: - | J10: REV | K10: =IF(raw[[#This Row],[city]]<>"",_xlfn.XLOOKUP($D10,ccc[city],ccc[prov],"-"),"-") | L10: =IF(raw[[#This Row],[city]]<>"",_xlfn.XLOOKUP($D10,ccc[city],ccc[ctry],"-"),"-") | M10: =IF(raw[[#This Row],[city]]<>"",_xlfn.XLOOKUP($D10,ccc[city],ccc[cont],"-"),"-") | N10: =IF(raw[[#This Row],[city]]="","-",IF(raw[[#This Row],[cont]]="B",raw[[#This Row],[cont]],"W")) | O10: =IF(raw[[#This Row],[out]]=0,0,IF(raw[[#This Row],[out]]=raw[[#This Row],[in]],0.01,raw[[#This Row],[out]]-raw[[#This Row],[in]])) | P10: =IF(raw[[#This Row],[in]]=0,0,MONTH(raw[[#This Row],[in]])) | Q10: =IF(raw[[#This Row],[in]]=0,0,YEAR(raw[[#This Row],[in]])) | R10: =INT(raw[[#This Row],[yr]]/10)*10 | S10: =IF(raw[[#This Row],[city]]="","-",IF(raw[[#This Row],[city]]<>_xlfn.XLOOKUP(raw[[#This Row],[home]],homes[home],homes[city],"-"),1,0)) | T10: . | U10: =IF(raw[[#This Row],[wb]]="w",raw[[#This Row],[stay]]+U9,U9) | V10: =IF(raw[[#This Row],[out]]=0,V9,(raw[[#This Row],[out]]-E$5)) | W10: =U10/V10 | X10: . | AB10: {=_xlfn.LET(_xlpm.S,_xlfn.ANCHORARRAY($Y$4),_xlpm.r,ROWS(stayCity[[#Headers],[city]]:stayCity[[#This Row],[city]])-1,IF(_xlpm.r<=ROWS(_xlpm.S),INDEX(_xlpm.S,_xlpm.r,1),""))} | AC10: {=_xlfn.LET(_xlpm.S,_xlfn.ANCHORARRAY($Y$4),_xlpm.r,ROWS(stayCity[[#Headers],[city]]:stayCity[[#This Row],[city]])-1,IF(_xlpm.r<=ROWS(_xlpm.S),INDEX(_xlpm.S,_xlpm.r,2),""))} | AD10: {=_xlfn.LET(_xlpm.S,_xlfn.ANCHORARRAY($Y$4),_xlpm.r,ROWS(stayCity[[#Headers],[city]]:stayCity[[#This Row],[city]])-1,IF(_xlpm.r<=ROWS(_xlpm.S),INDEX(_xlpm.S,_xlpm.r,3),""))} | AE10: =IF(stayCity[[#This Row],[out]]<>"",stayCity[[#This Row],[out]]-stayCity[[#This Row],[in]],"-") | AF10: =IF(Y10="","-",YEAR(stayCity[[#This Row],[in]])) | AG10: . | AK10: =IF(AH10="","-",AH10) | AL10: =AI10 | AM10: =AJ10 | AN10: =stayCtry[[#This Row],[out]]-stayCtry[[#This Row],[in]] | AO10: =IF(AI10<>"",AO9+1,AO9) | AP10: . | AT10: =AQ10 | AU10: =AR10 | AV10: =AS10 | AW10: =stayCont[[#This Row],[out]]-stayCont[[#This Row],[in]] | AX10: =IF(AR10<>"",AX9+1,AX9) | AY10: . | BC10: =AZ10 | BD10: =BA10 | BE10: =BB10 | BF10: =stayWB[[#This Row],[out]]-stayWB[[#This Row],[in]] | BG10: =IF(BB10<>"",BG9+1,BG9) | BH10: . | BI10: PRT | BJ10: 1984 | BK10: =BI10 | BL10: =BJ10 | BM10: . | BN10: Z | BO10: =BN10 | BP10: . | BQ10: =IF(BR10<>"",BQ9+1,BQ9) | BR10: Lima | BS10: Mexico City | BT10: Lima-Mexico City | BU10: 29961 | BV10: . | BW10: =IF(BX10<>"",BW9+1,BW9) | CA10: =BZ10-BY10 | CB10: . | CC10: =IF(CD10<>"",CC9+1,CC9) | CD10: Greenfeld | CE10: 33836 | CF10: 33848 | CG10: =CF10-CE10 | CH10: . | CI10: =IF(CJ10<>"",CI9+1,CI9) | CJ10: Salto Grande | CK10: .
A11: . | B11: . | C11: =IF(raw[[#This Row],[city]]="","-",IF(raw[[#This Row],[city]]="TODAY","-",C10+1)) | D11: Porto Seguro | E11: 27426 | F11: 27427 | G11: - | H11: =H10 | I11: - | J11: - | K11: =IF(raw[[#This Row],[city]]<>"",_xlfn.XLOOKUP($D11,ccc[city],ccc[prov],"-"),"-") | L11: =IF(raw[[#This Row],[city]]<>"",_xlfn.XLOOKUP($D11,ccc[city],ccc[ctry],"-"),"-") | M11: =IF(raw[[#This Row],[city]]<>"",_xlfn.XLOOKUP($D11,ccc[city],ccc[cont],"-"),"-") | N11: =IF(raw[[#This Row],[city]]="","-",IF(raw[[#This Row],[cont]]="B",raw[[#This Row],[cont]],"W")) | O11: =IF(raw[[#This Row],[out]]=0,0,IF(raw[[#This Row],[out]]=raw[[#This Row],[in]],0.01,raw[[#This Row],[out]]-raw[[#This Row],[in]])) | P11: =IF(raw[[#This Row],[in]]=0,0,MONTH(raw[[#This Row],[in]])) | Q11: =IF(raw[[#This Row],[in]]=0,0,YEAR(raw[[#This Row],[in]])) | R11: =INT(raw[[#This Row],[yr]]/10)*10 | S11: =IF(raw[[#This Row],[city]]="","-",IF(raw[[#This Row],[city]]<>_xlfn.XLOOKUP(raw[[#This Row],[home]],homes[home],homes[city],"-"),1,0)) | T11: . | U11: =IF(raw[[#This Row],[wb]]="w",raw[[#This Row],[stay]]+U10,U10) | V11: =IF(raw[[#This Row],[out]]=0,V10,(raw[[#This Row],[out]]-E$5)) | W11: =U11/V11 | X11: . | AB11: {=_xlfn.LET(_xlpm.S,_xlfn.ANCHORARRAY($Y$4),_xlpm.r,ROWS(stayCity[[#Headers],[city]]:stayCity[[#This Row],[city]])-1,IF(_xlpm.r<=ROWS(_xlpm.S),INDEX(_xlpm.S,_xlpm.r,1),""))} | AC11: {=_xlfn.LET(_xlpm.S,_xlfn.ANCHORARRAY($Y$4),_xlpm.r,ROWS(stayCity[[#Headers],[city]]:stayCity[[#This Row],[city]])-1,IF(_xlpm.r<=ROWS(_xlpm.S),INDEX(_xlpm.S,_xlpm.r,2),""))} | AD11: {=_xlfn.LET(_xlpm.S,_xlfn.ANCHORARRAY($Y$4),_xlpm.r,ROWS(stayCity[[#Headers],[city]]:stayCity[[#This Row],[city]])-1,IF(_xlpm.r<=ROWS(_xlpm.S),INDEX(_xlpm.S,_xlpm.r,3),""))} | AE11: =IF(stayCity[[#This Row],[out]]<>"",stayCity[[#This Row],[out]]-stayCity[[#This Row],[in]],"-") | AF11: =IF(Y11="","-",YEAR(stayCity[[#This Row],[in]])) | AG11: . | AK11: =IF(AH11="","-",AH11) | AL11: =AI11 | AM11: =AJ11 | AN11: =stayCtry[[#This Row],[out]]-stayCtry[[#This Row],[in]] | AO11: =IF(AI11<>"",AO10+1,AO10) | AP11: . | AT11: =AQ11 | AU11: =AR11 | AV11: =AS11 | AW11: =stayCont[[#This Row],[out]]-stayCont[[#This Row],[in]] | AX11: =IF(AR11<>"",AX10+1,AX10) | AY11: . | BC11: =AZ11 | BD11: =BA11 | BE11: =BB11 | BF11: =stayWB[[#This Row],[out]]-stayWB[[#This Row],[in]] | BG11: =IF(BB11<>"",BG10+1,BG10) | BH11: . | BI11: ITA | BJ11: 1984 | BK11: =BI11 | BL11: =BJ11 | BM11: . | BN11: B | BO11: =BN11 | BP11: . | BQ11: =IF(BR11<>"",BQ10+1,BQ10) | BR11: Mexico City | BS11: New Orleans | BT11: Mexico City-New Orleans | BU11: 29967 | BV11: . | BW11: =IF(BX11<>"",BW10+1,BW10) | CA11: =BZ11-BY11 | CB11: . | CC11: =IF(CD11<>"",CC10+1,CC10) | CD11: Greenfeld | CE11: 33873 | CF11: 33883 | CG11: =CF11-CE11 | CH11: . | CI11: =IF(CJ11<>"",CI10+1,CI10) | CJ11: Thomas/Barnfield | CK11: .
A12: . | B12: . | C12: =IF(raw[[#This Row],[city]]="","-",IF(raw[[#This Row],[city]]="TODAY","-",C11+1)) | D12: Guarapari | E12: 27427 | F12: 27428 | G12: - | H12: =H11 | I12: - | J12: - | K12: =IF(raw[[#This Row],[city]]<>"",_xlfn.XLOOKUP($D12,ccc[city],ccc[prov],"-"),"-") | L12: =IF(raw[[#This Row],[city]]<>"",_xlfn.XLOOKUP($D12,ccc[city],ccc[ctry],"-"),"-") | M12: =IF(raw[[#This Row],[city]]<>"",_xlfn.XLOOKUP($D12,ccc[city],ccc[cont],"-"),"-") | N12: =IF(raw[[#This Row],[city]]="","-",IF(raw[[#This Row],[cont]]="B",raw[[#This Row],[cont]],"W")) | O12: =IF(raw[[#This Row],[out]]=0,0,IF(raw[[#This Row],[out]]=raw[[#This Row],[in]],0.01,raw[[#This Row],[out]]-raw[[#This Row],[in]])) | P12: =IF(raw[[#This Row],[in]]=0,0,MONTH(raw[[#This Row],[in]])) | Q12: =IF(raw[[#This Row],[in]]=0,0,YEAR(raw[[#This Row],[in]])) | R12: =INT(raw[[#This Row],[yr]]/10)*10 | S12: =IF(raw[[#This Row],[city]]="","-",IF(raw[[#This Row],[city]]<>_xlfn.XLOOKUP(raw[[#This Row],[home]],homes[home],homes[city],"-"),1,0)) | T12: . | U12: =IF(raw[[#This Row],[wb]]="w",raw[[#This Row],[stay]]+U11,U11) | V12: =IF(raw[[#This Row],[out]]=0,V11,(raw[[#This Row],[out]]-E$5)) | W12: =U12/V12 | X12: . | AB12: {=_xlfn.LET(_xlpm.S,_xlfn.ANCHORARRAY($Y$4),_xlpm.r,ROWS(stayCity[[#Headers],[city]]:stayCity[[#This Row],[city]])-1,IF(_xlpm.r<=ROWS(_xlpm.S),INDEX(_xlpm.S,_xlpm.r,1),""))} | AC12: {=_xlfn.LET(_xlpm.S,_xlfn.ANCHORARRAY($Y$4),_xlpm.r,ROWS(stayCity[[#Headers],[city]]:stayCity[[#This Row],[city]])-1,IF(_xlpm.r<=ROWS(_xlpm.S),INDEX(_xlpm.S,_xlpm.r,2),""))} | AD12: {=_xlfn.LET(_xlpm.S,_xlfn.ANCHORARRAY($Y$4),_xlpm.r,ROWS(stayCity[[#Headers],[city]]:stayCity[[#This Row],[city]])-1,IF(_xlpm.r<=ROWS(_xlpm.S),INDEX(_xlpm.S,_xlpm.r,3),""))} | AE12: =IF(stayCity[[#This Row],[out]]<>"",stayCity[[#This Row],[out]]-stayCity[[#This Row],[in]],"-") | AF12: =IF(Y12="","-",YEAR(stayCity[[#This Row],[in]])) | AG12: . | AK12: =IF(AH12="","-",AH12) | AL12: =AI12 | AM12: =AJ12 | AN12: =stayCtry[[#This Row],[out]]-stayCtry[[#This Row],[in]] | AO12: =IF(AI12<>"",AO11+1,AO11) | AP12: . | AT12: =AQ12 | AU12: =AR12 | AV12: =AS12 | AW12: =stayCont[[#This Row],[out]]-stayCont[[#This Row],[in]] | AX12: =IF(AR12<>"",AX11+1,AX11) | AY12: . | BC12: =AZ12 | BD12: =BA12 | BE12: =BB12 | BF12: =stayWB[[#This Row],[out]]-stayWB[[#This Row],[in]] | BG12: =IF(BB12<>"",BG11+1,BG11) | BH12: . | BI12: CHE | BJ12: 1984 | BK12: =BI12 | BL12: =BJ12 | BM12: . | BN12: E | BO12: =BN12 | BP12: . | BQ12: =IF(BR12<>"",BQ11+1,BQ11) | BR12: New Orleans | BS12: Orlando | BT12: New Orleans-Orlando | BU12: 29969 | BV12: . | BW12: =IF(BX12<>"",BW11+1,BW11) | CA12: =BZ12-BY12 | CB12: . | CC12: =IF(CD12<>"",CC11+1,CC11) | CD12: Meier | CE12: 33909 | CF12: 33916 | CG12: =CF12-CE12 | CH12: . | CI12: =IF(CJ12<>"",CI11+1,CI11) | CJ12: David's | CK12: .
A13: . | B13: . | C13: =IF(raw[[#This Row],[city]]="","-",IF(raw[[#This Row],[city]]="TODAY","-",C12+1)) | D13: Friburgo | E13: 27428 | F13: 27429 | G13: - | H13: =H12 | I13: - | J13: - | K13: =IF(raw[[#This Row],[city]]<>"",_xlfn.XLOOKUP($D13,ccc[city],ccc[prov],"-"),"-") | L13: =IF(raw[[#This Row],[city]]<>"",_xlfn.XLOOKUP($D13,ccc[city],ccc[ctry],"-"),"-") | M13: =IF(raw[[#This Row],[city]]<>"",_xlfn.XLOOKUP($D13,ccc[city],ccc[cont],"-"),"-") | N13: =IF(raw[[#This Row],[city]]="","-",IF(raw[[#This Row],[cont]]="B",raw[[#This Row],[cont]],"W")) | O13: =IF(raw[[#This Row],[out]]=0,0,IF(raw[[#This Row],[out]]=raw[[#This Row],[in]],0.01,raw[[#This Row],[out]]-raw[[#This Row],[in]])) | P13: =IF(raw[[#This Row],[in]]=0,0,MONTH(raw[[#This Row],[in]])) | Q13: =IF(raw[[#This Row],[in]]=0,0,YEAR(raw[[#This Row],[in]])) | R13: =INT(raw[[#This Row],[yr]]/10)*10 | S13: =IF(raw[[#This Row],[city]]="","-",IF(raw[[#This Row],[city]]<>_xlfn.XLOOKUP(raw[[#This Row],[home]],homes[home],homes[city],"-"),1,0)) | T13: . | U13: =IF(raw[[#This Row],[wb]]="w",raw[[#This Row],[stay]]+U12,U12) | V13: =IF(raw[[#This Row],[out]]=0,V12,(raw[[#This Row],[out]]-E$5)) | W13: =U13/V13 | X13: . | AB13: {=_xlfn.LET(_xlpm.S,_xlfn.ANCHORARRAY($Y$4),_xlpm.r,ROWS(stayCity[[#Headers],[city]]:stayCity[[#This Row],[city]])-1,IF(_xlpm.r<=ROWS(_xlpm.S),INDEX(_xlpm.S,_xlpm.r,1),""))} | AC13: {=_xlfn.LET(_xlpm.S,_xlfn.ANCHORARRAY($Y$4),_xlpm.r,ROWS(stayCity[[#Headers],[city]]:stayCity[[#This Row],[city]])-1,IF(_xlpm.r<=ROWS(_xlpm.S),INDEX(_xlpm.S,_xlpm.r,2),""))} | AD13: {=_xlfn.LET(_xlpm.S,_xlfn.ANCHORARRAY($Y$4),_xlpm.r,ROWS(stayCity[[#Headers],[city]]:stayCity[[#This Row],[city]])-1,IF(_xlpm.r<=ROWS(_xlpm.S),INDEX(_xlpm.S,_xlpm.r,3),""))} | AE13: =IF(stayCity[[#This Row],[out]]<>"",stayCity[[#This Row],[out]]-stayCity[[#This Row],[in]],"-") | AF13: =IF(Y13="","-",YEAR(stayCity[[#This Row],[in]])) | AG13: . | AK13: =IF(AH13="","-",AH13) | AL13: =AI13 | AM13: =AJ13 | AN13: =stayCtry[[#This Row],[out]]-stayCtry[[#This Row],[in]] | AO13: =IF(AI13<>"",AO12+1,AO12) | AP13: . | AT13: =AQ13 | AU13: =AR13 | AV13: =AS13 | AW13: =stayCont[[#This Row],[out]]-stayCont[[#This Row],[in]] | AX13: =IF(AR13<>"",AX12+1,AX12) | AY13: . | BC13: =AZ13 | BD13: =BA13 | BE13: =BB13 | BF13: =stayWB[[#This Row],[out]]-stayWB[[#This Row],[in]] | BG13: =IF(BB13<>"",BG12+1,BG12) | BH13: . | BI13: DEU | BJ13: 1984 | BK13: =BI13 | BL13: =BJ13 | BM13: . | BN13: Z | BO13: =BN13 | BP13: . | BQ13: =IF(BR13<>"",BQ12+1,BQ12) | BR13: Miami | BS13: Manaus | BT13: Miami-Manaus | BU13: 29977 | BV13: . | BW13: =IF(BX13<>"",BW12+1,BW12) | CA13: =BZ13-BY13 | CB13: . | CC13: =IF(CD13<>"",CC12+1,CC12) | CD13: Meier | CE13: 33928 | CF13: 33936 | CG13: =CF13-CE13 | CH13: . | CI13: =IF(CJ13<>"",CI12+1,CI12) | CJ13: Rato/Paulao | CK13: .
A14: . | B14: . | C14: =IF(raw[[#This Row],[city]]="","-",IF(raw[[#This Row],[city]]="TODAY","-",C13+1)) | D14: Rio | E14: 27429 | F14: 27434 | G14: - | H14: =H13 | I14: - | J14: - | K14: =IF(raw[[#This Row],[city]]<>"",_xlfn.XLOOKUP($D14,ccc[city],ccc[prov],"-"),"-") | L14: =IF(raw[[#This Row],[city]]<>"",_xlfn.XLOOKUP($D14,ccc[city],ccc[ctry],"-"),"-") | M14: =IF(raw[[#This Row],[city]]<>"",_xlfn.XLOOKUP($D14,ccc[city],ccc[cont],"-"),"-") | N14: =IF(raw[[#This Row],[city]]="","-",IF(raw[[#This Row],[cont]]="B",raw[[#This Row],[cont]],"W")) | O14: =IF(raw[[#This Row],[out]]=0,0,IF(raw[[#This Row],[out]]=raw[[#This Row],[in]],0.01,raw[[#This Row],[out]]-raw[[#This Row],[in]])) | P14: =IF(raw[[#This Row],[in]]=0,0,MONTH(raw[[#This Row],[in]])) | Q14: =IF(raw[[#This Row],[in]]=0,0,YEAR(raw[[#This Row],[in]])) | R14: =INT(raw[[#This Row],[yr]]/10)*10 | S14: =IF(raw[[#This Row],[city]]="","-",IF(raw[[#This Row],[city]]<>_xlfn.XLOOKUP(raw[[#This Row],[home]],homes[home],homes[city],"-"),1,0)) | T14: . | U14: =IF(raw[[#This Row],[wb]]="w",raw[[#This Row],[stay]]+U13,U13) | V14: =IF(raw[[#This Row],[out]]=0,V13,(raw[[#This Row],[out]]-E$5)) | W14: =U14/V14 | X14: . | AB14: {=_xlfn.LET(_xlpm.S,_xlfn.ANCHORARRAY($Y$4),_xlpm.r,ROWS(stayCity[[#Headers],[city]]:stayCity[[#This Row],[city]])-1,IF(_xlpm.r<=ROWS(_xlpm.S),INDEX(_xlpm.S,_xlpm.r,1),""))} | AC14: {=_xlfn.LET(_xlpm.S,_xlfn.ANCHORARRAY($Y$4),_xlpm.r,ROWS(stayCity[[#Headers],[city]]:stayCity[[#This Row],[city]])-1,IF(_xlpm.r<=ROWS(_xlpm.S),INDEX(_xlpm.S,_xlpm.r,2),""))} | AD14: {=_xlfn.LET(_xlpm.S,_xlfn.ANCHORARRAY($Y$4),_xlpm.r,ROWS(stayCity[[#Headers],[city]]:stayCity[[#This Row],[city]])-1,IF(_xlpm.r<=ROWS(_xlpm.S),INDEX(_xlpm.S,_xlpm.r,3),""))} | AE14: =IF(stayCity[[#This Row],[out]]<>"",stayCity[[#This Row],[out]]-stayCity[[#This Row],[in]],"-") | AF14: =IF(Y14="","-",YEAR(stayCity[[#This Row],[in]])) | AG14: . | AK14: =IF(AH14="","-",AH14) | AL14: =AI14 | AM14: =AJ14 | AN14: =stayCtry[[#This Row],[out]]-stayCtry[[#This Row],[in]] | AO14: =IF(AI14<>"",AO13+1,AO13) | AP14: . | AT14: =AQ14 | AU14: =AR14 | AV14: =AS14 | AW14: =stayCont[[#This Row],[out]]-stayCont[[#This Row],[in]] | AX14: =IF(AR14<>"",AX13+1,AX13) | AY14: . | BC14: =AZ14 | BD14: =BA14 | BE14: =BB14 | BF14: =stayWB[[#This Row],[out]]-stayWB[[#This Row],[in]] | BG14: =IF(BB14<>"",BG13+1,BG13) | BH14: . | BI14: NED | BJ14: 1984 | BK14: =BI14 | BL14: =BJ14 | BM14: . | BN14: N | BO14: =BN14 | BP14: . | BQ14: =IF(BR14<>"",BQ13+1,BQ13) | BR14: Manaus | BS14: Brasilia | BT14: Manaus-Brasilia | BU14: 29981 | BV14: . | BW14: =IF(BX14<>"",BW13+1,BW13) | CA14: =BZ14-BY14 | CB14: . | CC14: =IF(CD14<>"",CC13+1,CC13) | CD14: Greenfeld | CE14: 33937 | CF14: 34029 | CG14: =CF14-CE14 | CH14: . | CI14: =IF(CJ14<>"",CI13+1,CI13) | CJ14: Rato/Republica | CK14: .
A15: . | B15: . | C15: =IF(raw[[#This Row],[city]]="","-",IF(raw[[#This Row],[city]]="TODAY","-",C14+1)) | D15: Petropolis | E15: 27434 | F15: 27444 | G15: - | H15: =H14 | I15: - | J15: - | K15: =IF(raw[[#This Row],[city]]<>"",_xlfn.XLOOKUP($D15,ccc[city],ccc[prov],"-"),"-") | L15: =IF(raw[[#This Row],[city]]<>"",_xlfn.XLOOKUP($D15,ccc[city],ccc[ctry],"-"),"-") | M15: =IF(raw[[#This Row],[city]]<>"",_xlfn.XLOOKUP($D15,ccc[city],ccc[cont],"-"),"-") | N15: =IF(raw[[#This Row],[city]]="","-",IF(raw[[#This Row],[cont]]="B",raw[[#This Row],[cont]],"W")) | O15: =IF(raw[[#This Row],[out]]=0,0,IF(raw[[#This Row],[out]]=raw[[#This Row],[in]],0.01,raw[[#This Row],[out]]-raw[[#This Row],[in]])) | P15: =IF(raw[[#This Row],[in]]=0,0,MONTH(raw[[#This Row],[in]])) | Q15: =IF(raw[[#This Row],[in]]=0,0,YEAR(raw[[#This Row],[in]])) | R15: =INT(raw[[#This Row],[yr]]/10)*10 | S15: =IF(raw[[#This Row],[city]]="","-",IF(raw[[#This Row],[city]]<>_xlfn.XLOOKUP(raw[[#This Row],[home]],homes[home],homes[city],"-"),1,0)) | T15: . | U15: =IF(raw[[#This Row],[wb]]="w",raw[[#This Row],[stay]]+U14,U14) | V15: =IF(raw[[#This Row],[out]]=0,V14,(raw[[#This Row],[out]]-E$5)) | W15: =U15/V15 | X15: . | AB15: {=_xlfn.LET(_xlpm.S,_xlfn.ANCHORARRAY($Y$4),_xlpm.r,ROWS(stayCity[[#Headers],[city]]:stayCity[[#This Row],[city]])-1,IF(_xlpm.r<=ROWS(_xlpm.S),INDEX(_xlpm.S,_xlpm.r,1),""))} | AC15: {=_xlfn.LET(_xlpm.S,_xlfn.ANCHORARRAY($Y$4),_xlpm.r,ROWS(stayCity[[#Headers],[city]]:stayCity[[#This Row],[city]])-1,IF(_xlpm.r<=ROWS(_xlpm.S),INDEX(_xlpm.S,_xlpm.r,2),""))} | AD15: {=_xlfn.LET(_xlpm.S,_xlfn.ANCHORARRAY($Y$4),_xlpm.r,ROWS(stayCity[[#Headers],[city]]:stayCity[[#This Row],[city]])-1,IF(_xlpm.r<=ROWS(_xlpm.S),INDEX(_xlpm.S,_xlpm.r,3),""))} | AE15: =IF(stayCity[[#This Row],[out]]<>"",stayCity[[#This Row],[out]]-stayCity[[#This Row],[in]],"-") | AF15: =IF(Y15="","-",YEAR(stayCity[[#This Row],[in]])) | AG15: . | AK15: =IF(AH15="","-",AH15) | AL15: =AI15 | AM15: =AJ15 | AN15: =stayCtry[[#This Row],[out]]-stayCtry[[#This Row],[in]] | AO15: =IF(AI15<>"",AO14+1,AO14) | AP15: . | AT15: =AQ15 | AU15: =AR15 | AV15: =AS15 | AW15: =stayCont[[#This Row],[out]]-stayCont[[#This Row],[in]] | AX15: =IF(AR15<>"",AX14+1,AX14) | AY15: . | BC15: =AZ15 | BD15: =BA15 | BE15: =BB15 | BF15: =stayWB[[#This Row],[out]]-stayWB[[#This Row],[in]] | BG15: =IF(BB15<>"",BG14+1,BG14) | BH15: . | BI15: FRA | BJ15: 1984 | BK15: =BI15 | BL15: =BJ15 | BM15: . | BN15: Z | BO15: =BN15 | BP15: . | BQ15: =IF(BR15<>"",BQ14+1,BQ14) | BR15: Brasilia | BS15: SSA | BT15: Brasilia-SSA | BU15: 29982 | BV15: . | BW15: =IF(BX15<>"",BW14+1,BW14) | CA15: =BZ15-BY15 | CB15: . | CC15: =IF(CD15<>"",CC14+1,CC14) | CD15: Meier | CE15: 34123 | CF15: 34126 | CG15: =CF15-CE15 | CH15: . | CI15: =IF(CJ15<>"",CI14+1,CI14) | CJ15: CS | CK15: .
A16: . | B16: . | C16: =IF(raw[[#This Row],[city]]="","-",IF(raw[[#This Row],[city]]="TODAY","-",C15+1)) | D16: Rio | E16: 27444 | F16: 27449 | G16: - | H16: =H15 | I16: - | J16: - | K16: =IF(raw[[#This Row],[city]]<>"",_xlfn.XLOOKUP($D16,ccc[city],ccc[prov],"-"),"-") | L16: =IF(raw[[#This Row],[city]]<>"",_xlfn.XLOOKUP($D16,ccc[city],ccc[ctry],"-"),"-") | M16: =IF(raw[[#This Row],[city]]<>"",_xlfn.XLOOKUP($D16,ccc[city],ccc[cont],"-"),"-") | N16: =IF(raw[[#This Row],[city]]="","-",IF(raw[[#This Row],[cont]]="B",raw[[#This Row],[cont]],"W")) | O16: =IF(raw[[#This Row],[out]]=0,0,IF(raw[[#This Row],[out]]=raw[[#This Row],[in]],0.01,raw[[#This Row],[out]]-raw[[#This Row],[in]])) | P16: =IF(raw[[#This Row],[in]]=0,0,MONTH(raw[[#This Row],[in]])) | Q16: =IF(raw[[#This Row],[in]]=0,0,YEAR(raw[[#This Row],[in]])) | R16: =INT(raw[[#This Row],[yr]]/10)*10 | S16: =IF(raw[[#This Row],[city]]="","-",IF(raw[[#This Row],[city]]<>_xlfn.XLOOKUP(raw[[#This Row],[home]],homes[home],homes[city],"-"),1,0)) | T16: . | U16: =IF(raw[[#This Row],[wb]]="w",raw[[#This Row],[stay]]+U15,U15) | V16: =IF(raw[[#This Row],[out]]=0,V15,(raw[[#This Row],[out]]-E$5)) | W16: =U16/V16 | X16: . | AB16: {=_xlfn.LET(_xlpm.S,_xlfn.ANCHORARRAY($Y$4),_xlpm.r,ROWS(stayCity[[#Headers],[city]]:stayCity[[#This Row],[city]])-1,IF(_xlpm.r<=ROWS(_xlpm.S),INDEX(_xlpm.S,_xlpm.r,1),""))} | AC16: {=_xlfn.LET(_xlpm.S,_xlfn.ANCHORARRAY($Y$4),_xlpm.r,ROWS(stayCity[[#Headers],[city]]:stayCity[[#This Row],[city]])-1,IF(_xlpm.r<=ROWS(_xlpm.S),INDEX(_xlpm.S,_xlpm.r,2),""))} | AD16: {=_xlfn.LET(_xlpm.S,_xlfn.ANCHORARRAY($Y$4),_xlpm.r,ROWS(stayCity[[#Headers],[city]]:stayCity[[#This Row],[city]])-1,IF(_xlpm.r<=ROWS(_xlpm.S),INDEX(_xlpm.S,_xlpm.r,3),""))} | AE16: =IF(stayCity[[#This Row],[out]]<>"",stayCity[[#This Row],[out]]-stayCity[[#This Row],[in]],"-") | AF16: =IF(Y16="","-",YEAR(stayCity[[#This Row],[in]])) | AG16: . | AK16: =IF(AH16="","-",AH16) | AL16: =AI16 | AM16: =AJ16 | AN16: =stayCtry[[#This Row],[out]]-stayCtry[[#This Row],[in]] | AO16: =IF(AI16<>"",AO15+1,AO15) | AP16: . | AT16: =AQ16 | AU16: =AR16 | AV16: =AS16 | AW16: =stayCont[[#This Row],[out]]-stayCont[[#This Row],[in]] | AX16: =IF(AR16<>"",AX15+1,AX15) | AY16: . | BC16: =AZ16 | BD16: =BA16 | BE16: =BB16 | BF16: =stayWB[[#This Row],[out]]-stayWB[[#This Row],[in]] | BG16: =IF(BB16<>"",BG15+1,BG15) | BH16: . | BI16: UK | BJ16: 1984 | BK16: =BI16 | BL16: =BJ16 | BM16: . | BN16: B | BO16: =BN16 | BP16: . | BQ16: =IF(BR16<>"",BQ15+1,BQ15) | BR16: SSA | BS16: Lisbon | BT16: SSA-Lisbon | BU16: 30713 | BV16: . | BW16: =IF(BX16<>"",BW15+1,BW15) | CA16: =BZ16-BY16 | CB16: . | CC16: =IF(CD16<>"",CC15+1,CC15) | CD16: Meier | CE16: 34131 | CF16: 34135 | CG16: =CF16-CE16 | CH16: . | CI16: =IF(CJ16<>"",CI15+1,CI15) | CJ16: Hampstead | CK16: .
A17: . | B17: . | C17: =IF(raw[[#This Row],[city]]="","-",IF(raw[[#This Row],[city]]="TODAY","-",C16+1)) | D17: ROAD | E17: 27449 | F17: 27450 | G17: - | H17: =H16 | I17: - | J17: - | K17: =IF(raw[[#This Row],[city]]<>"",_xlfn.XLOOKUP($D17,ccc[city],ccc[prov],"-"),"-") | L17: =IF(raw[[#This Row],[city]]<>"",_xlfn.XLOOKUP($D17,ccc[city],ccc[ctry],"-"),"-") | M17: =IF(raw[[#This Row],[city]]<>"",_xlfn.XLOOKUP($D17,ccc[city],ccc[cont],"-"),"-") | N17: =IF(raw[[#This Row],[city]]="","-",IF(raw[[#This Row],[cont]]="B",raw[[#This Row],[cont]],"W")) | O17: =IF(raw[[#This Row],[out]]=0,0,IF(raw[[#This Row],[out]]=raw[[#This Row],[in]],0.01,raw[[#This Row],[out]]-raw[[#This Row],[in]])) | P17: =IF(raw[[#This Row],[in]]=0,0,MONTH(raw[[#This Row],[in]])) | Q17: =IF(raw[[#This Row],[in]]=0,0,YEAR(raw[[#This Row],[in]])) | R17: =INT(raw[[#This Row],[yr]]/10)*10 | S17: =IF(raw[[#This Row],[city]]="","-",IF(raw[[#This Row],[city]]<>_xlfn.XLOOKUP(raw[[#This Row],[home]],homes[home],homes[city],"-"),1,0)) | T17: . | U17: =IF(raw[[#This Row],[wb]]="w",raw[[#This Row],[stay]]+U16,U16) | V17: =IF(raw[[#This Row],[out]]=0,V16,(raw[[#This Row],[out]]-E$5)) | W17: =U17/V17 | X17: . | AB17: {=_xlfn.LET(_xlpm.S,_xlfn.ANCHORARRAY($Y$4),_xlpm.r,ROWS(stayCity[[#Headers],[city]]:stayCity[[#This Row],[city]])-1,IF(_xlpm.r<=ROWS(_xlpm.S),INDEX(_xlpm.S,_xlpm.r,1),""))} | AC17: {=_xlfn.LET(_xlpm.S,_xlfn.ANCHORARRAY($Y$4),_xlpm.r,ROWS(stayCity[[#Headers],[city]]:stayCity[[#This Row],[city]])-1,IF(_xlpm.r<=ROWS(_xlpm.S),INDEX(_xlpm.S,_xlpm.r,2),""))} | AD17: {=_xlfn.LET(_xlpm.S,_xlfn.ANCHORARRAY($Y$4),_xlpm.r,ROWS(stayCity[[#Headers],[city]]:stayCity[[#This Row],[city]])-1,IF(_xlpm.r<=ROWS(_xlpm.S),INDEX(_xlpm.S,_xlpm.r,3),""))} | AE17: =IF(stayCity[[#This Row],[out]]<>"",stayCity[[#This Row],[out]]-stayCity[[#This Row],[in]],"-") | AF17: =IF(Y17="","-",YEAR(stayCity[[#This Row],[in]])) | AG17: . | AK17: =IF(AH17="","-",AH17) | AL17: =AI17 | AM17: =AJ17 | AN17: =stayCtry[[#This Row],[out]]-stayCtry[[#This Row],[in]] | AO17: =IF(AI17<>"",AO16+1,AO16) | AP17: . | AT17: =AQ17 | AU17: =AR17 | AV17: =AS17 | AW17: =stayCont[[#This Row],[out]]-stayCont[[#This Row],[in]] | AX17: =IF(AR17<>"",AX16+1,AX16) | AY17: . | BC17: =AZ17 | BD17: =BA17 | BE17: =BB17 | BF17: =stayWB[[#This Row],[out]]-stayWB[[#This Row],[in]] | BG17: =IF(BB17<>"",BG16+1,BG16) | BH17: . | BI17: USA | BJ17: 1984 | BK17: =BI17 | BL17: =BJ17 | BM17: . | BN17: Z | BO17: =BN17 | BP17: . | BQ17: =IF(BR17<>"",BQ16+1,BQ16) | BR17: Lisbon | BS17: Rome | BT17: Lisbon-Rome | BU17: 30714 | BV17: . | BW17: =IF(BX17<>"",BW16+1,BW16) | CA17: =BZ17-BY17 | CB17: . | CC17: =IF(CD17<>"",CC16+1,CC16) | CD17: Meier | CE17: 34140 | CF17: 34148 | CG17: =CF17-CE17 | CH17: . | CI17: =IF(CJ17<>"",CI16+1,CI16) | CJ17: Mauricio | CK17: .
A18: . | B18: . | C18: =IF(raw[[#This Row],[city]]="","-",IF(raw[[#This Row],[city]]="TODAY","-",C17+1)) | D18: SSA | E18: 27450 | F18: 27748 | G18: - | H18: =H17 | I18: - | J18: - | K18: =IF(raw[[#This Row],[city]]<>"",_xlfn.XLOOKUP($D18,ccc[city],ccc[prov],"-"),"-") | L18: =IF(raw[[#This Row],[city]]<>"",_xlfn.XLOOKUP($D18,ccc[city],ccc[ctry],"-"),"-") | M18: =IF(raw[[#This Row],[city]]<>"",_xlfn.XLOOKUP($D18,ccc[city],ccc[cont],"-"),"-") | N18: =IF(raw[[#This Row],[city]]="","-",IF(raw[[#This Row],[cont]]="B",raw[[#This Row],[cont]],"W")) | O18: =IF(raw[[#This Row],[out]]=0,0,IF(raw[[#This Row],[out]]=raw[[#This Row],[in]],0.01,raw[[#This Row],[out]]-raw[[#This Row],[in]])) | P18: =IF(raw[[#This Row],[in]]=0,0,MONTH(raw[[#This Row],[in]])) | Q18: =IF(raw[[#This Row],[in]]=0,0,YEAR(raw[[#This Row],[in]])) | R18: =INT(raw[[#This Row],[yr]]/10)*10 | S18: =IF(raw[[#This Row],[city]]="","-",IF(raw[[#This Row],[city]]<>_xlfn.XLOOKUP(raw[[#This Row],[home]],homes[home],homes[city],"-"),1,0)) | T18: . | U18: =IF(raw[[#This Row],[wb]]="w",raw[[#This Row],[stay]]+U17,U17) | V18: =IF(raw[[#This Row],[out]]=0,V17,(raw[[#This Row],[out]]-E$5)) | W18: =U18/V18 | X18: . | AB18: {=_xlfn.LET(_xlpm.S,_xlfn.ANCHORARRAY($Y$4),_xlpm.r,ROWS(stayCity[[#Headers],[city]]:stayCity[[#This Row],[city]])-1,IF(_xlpm.r<=ROWS(_xlpm.S),INDEX(_xlpm.S,_xlpm.r,1),""))} | AC18: {=_xlfn.LET(_xlpm.S,_xlfn.ANCHORARRAY($Y$4),_xlpm.r,ROWS(stayCity[[#Headers],[city]]:stayCity[[#This Row],[city]])-1,IF(_xlpm.r<=ROWS(_xlpm.S),INDEX(_xlpm.S,_xlpm.r,2),""))} | AD18: {=_xlfn.LET(_xlpm.S,_xlfn.ANCHORARRAY($Y$4),_xlpm.r,ROWS(stayCity[[#Headers],[city]]:stayCity[[#This Row],[city]])-1,IF(_xlpm.r<=ROWS(_xlpm.S),INDEX(_xlpm.S,_xlpm.r,3),""))} | AE18: =IF(stayCity[[#This Row],[out]]<>"",stayCity[[#This Row],[out]]-stayCity[[#This Row],[in]],"-") | AF18: =IF(Y18="","-",YEAR(stayCity[[#This Row],[in]])) | AG18: . | AK18: =IF(AH18="","-",AH18) | AL18: =AI18 | AM18: =AJ18 | AN18: =stayCtry[[#This Row],[out]]-stayCtry[[#This Row],[in]] | AO18: =IF(AI18<>"",AO17+1,AO17) | AP18: . | AT18: =AQ18 | AU18: =AR18 | AV18: =AS18 | AW18: =stayCont[[#This Row],[out]]-stayCont[[#This Row],[in]] | AX18: =IF(AR18<>"",AX17+1,AX17) | AY18: . | BC18: =AZ18 | BD18: =BA18 | BE18: =BB18 | BF18: =stayWB[[#This Row],[out]]-stayWB[[#This Row],[in]] | BG18: =IF(BB18<>"",BG17+1,BG17) | BH18: . | BI18: BRA | BJ18: 1984 | BK18: =BI18 | BL18: =BJ18 | BM18: . | BN18: E | BO18: =BN18 | BP18: . | BQ18: =IF(BR18<>"",BQ17+1,BQ17) | BR18: London | BS18: NYC | BT18: London-NYC | BU18: 30740 | BV18: . | BW18: =IF(BX18<>"",BW17+1,BW17) | CA18: =BZ18-BY18 | CB18: . | CC18: =IF(CD18<>"",CC17+1,CC17) | CD18: Greenfeld | CE18: 34151 | CF18: 34186 | CG18: =CF18-CE18 | CH18: . | CI18: =IF(CJ18<>"",CI17+1,CI17) | CJ18: Casa Branca | CK18: .
A19: . | B19: . | C19: =IF(raw[[#This Row],[city]]="","-",IF(raw[[#This Row],[city]]="TODAY","-",C18+1)) | D19: ROAD | E19: 27748 | F19: 27749 | G19: - | H19: =H18 | I19: - | J19: - | K19: =IF(raw[[#This Row],[city]]<>"",_xlfn.XLOOKUP($D19,ccc[city],ccc[prov],"-"),"-") | L19: =IF(raw[[#This Row],[city]]<>"",_xlfn.XLOOKUP($D19,ccc[city],ccc[ctry],"-"),"-") | M19: =IF(raw[[#This Row],[city]]<>"",_xlfn.XLOOKUP($D19,ccc[city],ccc[cont],"-"),"-") | N19: =IF(raw[[#This Row],[city]]="","-",IF(raw[[#This Row],[cont]]="B",raw[[#This Row],[cont]],"W")) | O19: =IF(raw[[#This Row],[out]]=0,0,IF(raw[[#This Row],[out]]=raw[[#This Row],[in]],0.01,raw[[#This Row],[out]]-raw[[#This Row],[in]])) | P19: =IF(raw[[#This Row],[in]]=0,0,MONTH(raw[[#This Row],[in]])) | Q19: =IF(raw[[#This Row],[in]]=0,0,YEAR(raw[[#This Row],[in]])) | R19: =INT(raw[[#This Row],[yr]]/10)*10 | S19: =IF(raw[[#This Row],[city]]="","-",IF(raw[[#This Row],[city]]<>_xlfn.XLOOKUP(raw[[#This Row],[home]],homes[home],homes[city],"-"),1,0)) | T19: . | U19: =IF(raw[[#This Row],[wb]]="w",raw[[#This Row],[stay]]+U18,U18) | V19: =IF(raw[[#This Row],[out]]=0,V18,(raw[[#This Row],[out]]-E$5)) | W19: =U19/V19 | X19: . | AB19: {=_xlfn.LET(_xlpm.S,_xlfn.ANCHORARRAY($Y$4),_xlpm.r,ROWS(stayCity[[#Headers],[city]]:stayCity[[#This Row],[city]])-1,IF(_xlpm.r<=ROWS(_xlpm.S),INDEX(_xlpm.S,_xlpm.r,1),""))} | AC19: {=_xlfn.LET(_xlpm.S,_xlfn.ANCHORARRAY($Y$4),_xlpm.r,ROWS(stayCity[[#Headers],[city]]:stayCity[[#This Row],[city]])-1,IF(_xlpm.r<=ROWS(_xlpm.S),INDEX(_xlpm.S,_xlpm.r,2),""))} | AD19: {=_xlfn.LET(_xlpm.S,_xlfn.ANCHORARRAY($Y$4),_xlpm.r,ROWS(stayCity[[#Headers],[city]]:stayCity[[#This Row],[city]])-1,IF(_xlpm.r<=ROWS(_xlpm.S),INDEX(_xlpm.S,_xlpm.r,3),""))} | AE19: =IF(stayCity[[#This Row],[out]]<>"",stayCity[[#This Row],[out]]-stayCity[[#This Row],[in]],"-") | AF19: =IF(Y19="","-",YEAR(stayCity[[#This Row],[in]])) | AG19: . | AK19: =IF(AH19="","-",AH19) | AL19: =AI19 | AM19: =AJ19 | AN19: =stayCtry[[#This Row],[out]]-stayCtry[[#This Row],[in]] | AO19: =IF(AI19<>"",AO18+1,AO18) | AP19: . | AT19: =AQ19 | AU19: =AR19 | AV19: =AS19 | AW19: =stayCont[[#This Row],[out]]-stayCont[[#This Row],[in]] | AX19: =IF(AR19<>"",AX18+1,AX18) | AY19: . | BC19: =AZ19 | BD19: =BA19 | BE19: =BB19 | BF19: =stayWB[[#This Row],[out]]-stayWB[[#This Row],[in]] | BG19: =IF(BB19<>"",BG18+1,BG18) | BH19: . | BI19: FRA | BJ19: 1987 | BK19: =BI19 | BL19: =BJ19 | BM19: . | BN19: Z | BO19: =BN19 | BP19: . | BQ19: =IF(BR19<>"",BQ18+1,BQ18) | BR19: NYC | BS19: Washington | BT19: NYC-Washington | BU19: 30745 | BV19: . | BW19: =IF(BX19<>"",BW18+1,BW18) | CA19: =BZ19-BY19 | CB19: . | CC19: =IF(CD19<>"",CC18+1,CC18) | CD19: Greenfeld | CE19: 34200 | CF19: 34213 | CG19: =CF19-CE19 | CH19: . | CI19: =IF(CJ19<>"",CI18+1,CI18) | CJ19: Cunha/Guto | CK19: .
... A58: . | B58: . | C58: =IF(raw[[#This Row],[city]]="","-",IF(raw[[#This Row],[city]]="TODAY","-",C57+1)) | D58: SSA | E58: 29252 | F58: 29253 | G58: - | H58: =H57 | I58: - | J58: - | K58: =IF(raw[[#This Row],[city]]<>"",_xlfn.XLOOKUP($D58,ccc[city],ccc[prov],"-"),"-") | L58: =IF(raw[[#This Row],[city]]<>"",_xlfn.XLOOKUP($D58,ccc[city],ccc[ctry],"-"),"-") | M58: =IF(raw[[#This Row],[city]]<>"",_xlfn.XLOOKUP($D58,ccc[city],ccc[cont],"-"),"-") | N58: =IF(raw[[#This Row],[city]]="","-",IF(raw[[#This Row],[cont]]="B",raw[[#This Row],[cont]],"W")) | O58: =IF(raw[[#This Row],[out]]=0,0,IF(raw[[#This Row],[out]]=raw[[#This Row],[in]],0.01,raw[[#This Row],[out]]-raw[[#This Row],[in]])) | P58: =IF(raw[[#This Row],[in]]=0,0,MONTH(raw[[#This Row],[in]])) | Q58: =IF(raw[[#This Row],[in]]=0,0,YEAR(raw[[#This Row],[in]])) | R58: =INT(raw[[#This Row],[yr]]/10)*10 | S58: =IF(raw[[#This Row],[city]]="","-",IF(raw[[#This Row],[city]]<>_xlfn.XLOOKUP(raw[[#This Row],[home]],homes[home],homes[city],"-"),1,0)) | T58: . | U58: =IF(raw[[#This Row],[wb]]="w",raw[[#This Row],[stay]]+U57,U57) | V58: =IF(raw[[#This Row],[out]]=0,V57,(raw[[#This Row],[out]]-E$5)) | W58: =U58/V58 | X58: . | AB58: {=_xlfn.LET(_xlpm.S,_xlfn.ANCHORARRAY($Y$4),_xlpm.r,ROWS(stayCity[[#Headers],[city]]:stayCity[[#This Row],[city]])-1,IF(_xlpm.r<=ROWS(_xlpm.S),INDEX(_xlpm.S,_xlpm.r,1),""))} | AC58: {=_xlfn.LET(_xlpm.S,_xlfn.ANCHORARRAY($Y$4),_xlpm.r,ROWS(stayCity[[#Headers],[city]]:stayCity[[#This Row],[city]])-1,IF(_xlpm.r<=ROWS(_xlpm.S),INDEX(_xlpm.S,_xlpm.r,2),""))} | AD58: {=_xlfn.LET(_xlpm.S,_xlfn.ANCHORARRAY($Y$4),_xlpm.r,ROWS(stayCity[[#Headers],[city]]:stayCity[[#This Row],[city]])-1,IF(_xlpm.r<=ROWS(_xlpm.S),INDEX(_xlpm.S,_xlpm.r,3),""))} | AE58: =IF(stayCity[[#This Row],[out]]<>"",stayCity[[#This Row],[out]]-stayCity[[#This Row],[in]],"-") | AF58: =IF(Y58="","-",YEAR(stayCity[[#This Row],[in]])) | AG58: . | AK58: =IF(AH58="","-",AH58) | AL58: =AI58 | AM58: =AJ58 | AN58: =stayCtry[[#This Row],[out]]-stayCtry[[#This Row],[in]] | AO58: =IF(AI58<>"",AO57+1,AO57) | AP58: . | AT58: =AQ58 | AU58: =AR58 | AV58: =AS58 | AW58: =stayCont[[#This Row],[out]]-stayCont[[#This Row],[in]] | AX58: =IF(AR58<>"",AX57+1,AX57) | AY58: . | BC58: =AZ58 | BD58: =BA58 | BE58: =BB58 | BF58: =stayWB[[#This Row],[out]]-stayWB[[#This Row],[in]] | BG58: =IF(BB58<>"",BG57+1,BG57) | BH58: . | BI58: BRA | BJ58: 1996 | BK58: =BI58 | BL58: =BJ58 | BM58: . | BN58: E | BO58: =BN58 | BP58: . | BQ58: =IF(BR58<>"",BQ57+1,BQ57) | BR58: SP | BS58: SSA | BT58: SP-SSA | BU58: 34669 | BV58: . | BW58: =IF(BX58<>"",BW57+1,BW57) | CA58: =BZ58-BY58 | CB58: . | CC58: =IF(CD58<>"",CC57+1,CC57) | CD58: Guaecá | CE58: 37344 | CF58: 37347 | CG58: =CF58-CE58 | CH58: . | CI58: =IF(CJ58<>"",CI57+1,CI57) | CJ58: Mike | CK58: .
A59: . | B59: . | C59: =IF(raw[[#This Row],[city]]="","-",IF(raw[[#This Row],[city]]="TODAY","-",C58+1)) | D59: Aracaju | E59: 29253 | F59: 29254 | G59: 1 | H59: =H58 | I59: - | J59: - | K59: =IF(raw[[#This Row],[city]]<>"",_xlfn.XLOOKUP($D59,ccc[city],ccc[prov],"-"),"-") | L59: =IF(raw[[#This Row],[city]]<>"",_xlfn.XLOOKUP($D59,ccc[city],ccc[ctry],"-"),"-") | M59: =IF(raw[[#This Row],[city]]<>"",_xlfn.XLOOKUP($D59,ccc[city],ccc[cont],"-"),"-") | N59: =IF(raw[[#This Row],[city]]="","-",IF(raw[[#This Row],[cont]]="B",raw[[#This Row],[cont]],"W")) | O59: =IF(raw[[#This Row],[out]]=0,0,IF(raw[[#This Row],[out]]=raw[[#This Row],[in]],0.01,raw[[#This Row],[out]]-raw[[#This Row],[in]])) | P59: =IF(raw[[#This Row],[in]]=0,0,MONTH(raw[[#This Row],[in]])) | Q59: =IF(raw[[#This Row],[in]]=0,0,YEAR(raw[[#This Row],[in]])) | R59: =INT(raw[[#This Row],[yr]]/10)*10 | S59: =IF(raw[[#This Row],[city]]="","-",IF(raw[[#This Row],[city]]<>_xlfn.XLOOKUP(raw[[#This Row],[home]],homes[home],homes[city],"-"),1,0)) | T59: . | U59: =IF(raw[[#This Row],[wb]]="w",raw[[#This Row],[stay]]+U58,U58) | V59: =IF(raw[[#This Row],[out]]=0,V58,(raw[[#This Row],[out]]-E$5)) | W59: =U59/V59 | X59: . | AB59: {=_xlfn.LET(_xlpm.S,_xlfn.ANCHORARRAY($Y$4),_xlpm.r,ROWS(stayCity[[#Headers],[city]]:stayCity[[#This Row],[city]])-1,IF(_xlpm.r<=ROWS(_xlpm.S),INDEX(_xlpm.S,_xlpm.r,1),""))} | AC59: {=_xlfn.LET(_xlpm.S,_xlfn.ANCHORARRAY($Y$4),_xlpm.r,ROWS(stayCity[[#Headers],[city]]:stayCity[[#This Row],[city]])-1,IF(_xlpm.r<=ROWS(_xlpm.S),INDEX(_xlpm.S,_xlpm.r,2),""))} | AD59: {=_xlfn.LET(_xlpm.S,_xlfn.ANCHORARRAY($Y$4),_xlpm.r,ROWS(stayCity[[#Headers],[city]]:stayCity[[#This Row],[city]])-1,IF(_xlpm.r<=ROWS(_xlpm.S),INDEX(_xlpm.S,_xlpm.r,3),""))} | AE59: =IF(stayCity[[#This Row],[out]]<>"",stayCity[[#This Row],[out]]-stayCity[[#This Row],[in]],"-") | AF59: =IF(Y59="","-",YEAR(stayCity[[#This Row],[in]])) | AG59: . | AK59: =IF(AH59="","-",AH59) | AL59: =AI59 | AM59: =AJ59 | AN59: =stayCtry[[#This Row],[out]]-stayCtry[[#This Row],[in]] | AO59: =IF(AI59<>"",AO58+1,AO58) | AP59: . | AT59: =AQ59 | AU59: =AR59 | AV59: =AS59 | AW59: =stayCont[[#This Row],[out]]-stayCont[[#This Row],[in]] | AX59: =IF(AR59<>"",AX58+1,AX58) | AY59: . | BC59: =AZ59 | BD59: =BA59 | BE59: =BB59 | BF59: =stayWB[[#This Row],[out]]-stayWB[[#This Row],[in]] | BG59: =IF(BB59<>"",BG58+1,BG58) | BH59: . | BI59: DEU | BJ59: 1997 | BK59: =BI59 | BL59: =BJ59 | BM59: . | BN59: N | BO59: =BN59 | BP59: . | BQ59: =IF(BR59<>"",BQ58+1,BQ58) | BR59: SSA | BS59: Lisbon | BT59: SSA-Lisbon | BU59: 34727 | BV59: . | BW59: =IF(BX59<>"",BW58+1,BW58) | CA59: =BZ59-BY59 | CB59: . | CC59: =IF(CD59<>"",CC58+1,CC58) | CD59: Ondina | CE59: 37423 | CF59: 37427 | CG59: =CF59-CE59 | CH59: . | CI59: =IF(CJ59<>"",CI58+1,CI58) | CJ59: Holiday Inn/Airbnb | CK59: .
A60: . | B60: . | C60: =IF(raw[[#This Row],[city]]="","-",IF(raw[[#This Row],[city]]="TODAY","-",C59+1)) | D60: SSA | E60: 29254 | F60: 29587 | G60: - | H60: =H59 | I60: - | J60: - | K60: =IF(raw[[#This Row],[city]]<>"",_xlfn.XLOOKUP($D60,ccc[city],ccc[prov],"-"),"-") | L60: =IF(raw[[#This Row],[city]]<>"",_xlfn.XLOOKUP($D60,ccc[city],ccc[ctry],"-"),"-") | M60: =IF(raw[[#This Row],[city]]<>"",_xlfn.XLOOKUP($D60,ccc[city],ccc[cont],"-"),"-") | N60: =IF(raw[[#This Row],[city]]="","-",IF(raw[[#This Row],[cont]]="B",raw[[#This Row],[cont]],"W")) | O60: =IF(raw[[#This Row],[out]]=0,0,IF(raw[[#This Row],[out]]=raw[[#This Row],[in]],0.01,raw[[#This Row],[out]]-raw[[#This Row],[in]])) | P60: =IF(raw[[#This Row],[in]]=0,0,MONTH(raw[[#This Row],[in]])) | Q60: =IF(raw[[#This Row],[in]]=0,0,YEAR(raw[[#This Row],[in]])) | R60: =INT(raw[[#This Row],[yr]]/10)*10 | S60: =IF(raw[[#This Row],[city]]="","-",IF(raw[[#This Row],[city]]<>_xlfn.XLOOKUP(raw[[#This Row],[home]],homes[home],homes[city],"-"),1,0)) | T60: . | U60: =IF(raw[[#This Row],[wb]]="w",raw[[#This Row],[stay]]+U59,U59) | V60: =IF(raw[[#This Row],[out]]=0,V59,(raw[[#This Row],[out]]-E$5)) | W60: =U60/V60 | X60: . | AB60: {=_xlfn.LET(_xlpm.S,_xlfn.ANCHORARRAY($Y$4),_xlpm.r,ROWS(stayCity[[#Headers],[city]]:stayCity[[#This Row],[city]])-1,IF(_xlpm.r<=ROWS(_xlpm.S),INDEX(_xlpm.S,_xlpm.r,1),""))} | AC60: {=_xlfn.LET(_xlpm.S,_xlfn.ANCHORARRAY($Y$4),_xlpm.r,ROWS(stayCity[[#Headers],[city]]:stayCity[[#This Row],[city]])-1,IF(_xlpm.r<=ROWS(_xlpm.S),INDEX(_xlpm.S,_xlpm.r,2),""))} | AD60: {=_xlfn.LET(_xlpm.S,_xlfn.ANCHORARRAY($Y$4),_xlpm.r,ROWS(stayCity[[#Headers],[city]]:stayCity[[#This Row],[city]])-1,IF(_xlpm.r<=ROWS(_xlpm.S),INDEX(_xlpm.S,_xlpm.r,3),""))} | AE60: =IF(stayCity[[#This Row],[out]]<>"",stayCity[[#This Row],[out]]-stayCity[[#This Row],[in]],"-") | AF60: =IF(Y60="","-",YEAR(stayCity[[#This Row],[in]])) | AG60: . | AK60: =IF(AH60="","-",AH60) | AL60: =AI60 | AM60: =AJ60 | AN60: =stayCtry[[#This Row],[out]]-stayCtry[[#This Row],[in]] | AO60: =IF(AI60<>"",AO59+1,AO59) | AP60: . | AT60: =AQ60 | AU60: =AR60 | AV60: =AS60 | AW60: =stayCont[[#This Row],[out]]-stayCont[[#This Row],[in]] | AX60: =IF(AR60<>"",AX59+1,AX59) | AY60: . | BC60: =AZ60 | BD60: =BA60 | BE60: =BB60 | BF60: =stayWB[[#This Row],[out]]-stayWB[[#This Row],[in]] | BG60: =IF(BB60<>"",BG59+1,BG59) | BH60: . | BI60: FRA | BJ60: 1997 | BK60: =BI60 | BL60: =BJ60 | BM60: . | BN60: Z | BO60: =BN60 | BP60: . | BQ60: =IF(BR60<>"",BQ59+1,BQ59) | BR60: Lisbon | BS60: SSA | BT60: Lisbon-SSA | BU60: 34751 | BV60: . | BW60: =IF(BX60<>"",BW59+1,BW59) | CA60: =BZ60-BY60 | CB60: . | CC60: =IF(CD60<>"",CC59+1,CC59) | CD60: Salto Grande | CE60: 37441 | CF60: 37445 | CG60: =CF60-CE60 | CH60: . | CI60: =IF(CJ60<>"",CI59+1,CI59) | CJ60: 0 | CK60: .
A61: . | B61: . | C61: =IF(raw[[#This Row],[city]]="","-",IF(raw[[#This Row],[city]]="TODAY","-",C60+1)) | D61: SSA | E61: 29587 | F61: 29768 | G61: - | H61: =H60 | I61: - | J61: REV | K61: =IF(raw[[#This Row],[city]]<>"",_xlfn.XLOOKUP($D61,ccc[city],ccc[prov],"-"),"-") | L61: =IF(raw[[#This Row],[city]]<>"",_xlfn.XLOOKUP($D61,ccc[city],ccc[ctry],"-"),"-") | M61: =IF(raw[[#This Row],[city]]<>"",_xlfn.XLOOKUP($D61,ccc[city],ccc[cont],"-"),"-") | N61: =IF(raw[[#This Row],[city]]="","-",IF(raw[[#This Row],[cont]]="B",raw[[#This Row],[cont]],"W")) | O61: =IF(raw[[#This Row],[out]]=0,0,IF(raw[[#This Row],[out]]=raw[[#This Row],[in]],0.01,raw[[#This Row],[out]]-raw[[#This Row],[in]])) | P61: =IF(raw[[#This Row],[in]]=0,0,MONTH(raw[[#This Row],[in]])) | Q61: =IF(raw[[#This Row],[in]]=0,0,YEAR(raw[[#This Row],[in]])) | R61: =INT(raw[[#This Row],[yr]]/10)*10 | S61: =IF(raw[[#This Row],[city]]="","-",IF(raw[[#This Row],[city]]<>_xlfn.XLOOKUP(raw[[#This Row],[home]],homes[home],homes[city],"-"),1,0)) | T61: . | U61: =IF(raw[[#This Row],[wb]]="w",raw[[#This Row],[stay]]+U60,U60) | V61: =IF(raw[[#This Row],[out]]=0,V60,(raw[[#This Row],[out]]-E$5)) | W61: =U61/V61 | X61: . | AB61: {=_xlfn.LET(_xlpm.S,_xlfn.ANCHORARRAY($Y$4),_xlpm.r,ROWS(stayCity[[#Headers],[city]]:stayCity[[#This Row],[city]])-1,IF(_xlpm.r<=ROWS(_xlpm.S),INDEX(_xlpm.S,_xlpm.r,1),""))} | AC61: {=_xlfn.LET(_xlpm.S,_xlfn.ANCHORARRAY($Y$4),_xlpm.r,ROWS(stayCity[[#Headers],[city]]:stayCity[[#This Row],[city]])-1,IF(_xlpm.r<=ROWS(_xlpm.S),INDEX(_xlpm.S,_xlpm.r,2),""))} | AD61: {=_xlfn.LET(_xlpm.S,_xlfn.ANCHORARRAY($Y$4),_xlpm.r,ROWS(stayCity[[#Headers],[city]]:stayCity[[#This Row],[city]])-1,IF(_xlpm.r<=ROWS(_xlpm.S),INDEX(_xlpm.S,_xlpm.r,3),""))} | AE61: =IF(stayCity[[#This Row],[out]]<>"",stayCity[[#This Row],[out]]-stayCity[[#This Row],[in]],"-") | AF61: =IF(Y61="","-",YEAR(stayCity[[#This Row],[in]])) | AG61: . | AK61: =IF(AH61="","-",AH61) | AL61: =AI61 | AM61: =AJ61 | AN61: =stayCtry[[#This Row],[out]]-stayCtry[[#This Row],[in]] | AO61: =IF(AI61<>"",AO60+1,AO60) | AP61: . | AT61: =AQ61 | AU61: =AR61 | AV61: =AS61 | AW61: =stayCont[[#This Row],[out]]-stayCont[[#This Row],[in]] | AX61: =IF(AR61<>"",AX60+1,AX60) | AY61: . | BC61: =AZ61 | BD61: =BA61 | BE61: =BB61 | BF61: =stayWB[[#This Row],[out]]-stayWB[[#This Row],[in]] | BG61: =IF(BB61<>"",BG60+1,BG60) | BH61: . | BI61: UK | BJ61: 1997 | BK61: =BI61 | BL61: =BJ61 | BM61: . | BN61: B | BO61: =BN61 | BP61: . | BQ61: =IF(BR61<>"",BQ60+1,BQ60) | BR61: SSA | BS61: SP | BT61: SSA-SP | BU61: 34759 | BV61: . | BW61: =IF(BX61<>"",BW60+1,BW60) | CA61: =BZ61-BY61 | CB61: . | CC61: =IF(CD61<>"",CC60+1,CC60) | CD61: Salto Grande | CE61: 37469 | CF61: 37473 | CG61: =CF61-CE61 | CH61: . | CI61: =IF(CJ61<>"",CI60+1,CI60) | CK61: .
A62: . | B62: . | C62: =IF(raw[[#This Row],[city]]="","-",IF(raw[[#This Row],[city]]="TODAY","-",C61+1)) | D62: ROAD | E62: 29768 | F62: 29769 | G62: - | H62: =H61 | I62: - | J62: - | K62: =IF(raw[[#This Row],[city]]<>"",_xlfn.XLOOKUP($D62,ccc[city],ccc[prov],"-"),"-") | L62: =IF(raw[[#This Row],[city]]<>"",_xlfn.XLOOKUP($D62,ccc[city],ccc[ctry],"-"),"-") | M62: =IF(raw[[#This Row],[city]]<>"",_xlfn.XLOOKUP($D62,ccc[city],ccc[cont],"-"),"-") | N62: =IF(raw[[#This Row],[city]]="","-",IF(raw[[#This Row],[cont]]="B",raw[[#This Row],[cont]],"W")) | O62: =IF(raw[[#This Row],[out]]=0,0,IF(raw[[#This Row],[out]]=raw[[#This Row],[in]],0.01,raw[[#This Row],[out]]-raw[[#This Row],[in]])) | P62: =IF(raw[[#This Row],[in]]=0,0,MONTH(raw[[#This Row],[in]])) | Q62: =IF(raw[[#This Row],[in]]=0,0,YEAR(raw[[#This Row],[in]])) | R62: =INT(raw[[#This Row],[yr]]/10)*10 | S62: =IF(raw[[#This Row],[city]]="","-",IF(raw[[#This Row],[city]]<>_xlfn.XLOOKUP(raw[[#This Row],[home]],homes[home],homes[city],"-"),1,0)) | T62: . | U62: =IF(raw[[#This Row],[wb]]="w",raw[[#This Row],[stay]]+U61,U61) | V62: =IF(raw[[#This Row],[out]]=0,V61,(raw[[#This Row],[out]]-E$5)) | W62: =U62/V62 | X62: . | AB62: {=_xlfn.LET(_xlpm.S,_xlfn.ANCHORARRAY($Y$4),_xlpm.r,ROWS(stayCity[[#Headers],[city]]:stayCity[[#This Row],[city]])-1,IF(_xlpm.r<=ROWS(_xlpm.S),INDEX(_xlpm.S,_xlpm.r,1),""))} | AC62: {=_xlfn.LET(_xlpm.S,_xlfn.ANCHORARRAY($Y$4),_xlpm.r,ROWS(stayCity[[#Headers],[city]]:stayCity[[#This Row],[city]])-1,IF(_xlpm.r<=ROWS(_xlpm.S),INDEX(_xlpm.S,_xlpm.r,2),""))} | AD62: {=_xlfn.LET(_xlpm.S,_xlfn.ANCHORARRAY($Y$4),_xlpm.r,ROWS(stayCity[[#Headers],[city]]:stayCity[[#This Row],[city]])-1,IF(_xlpm.r<=ROWS(_xlpm.S),INDEX(_xlpm.S,_xlpm.r,3),""))} | AE62: =IF(stayCity[[#This Row],[out]]<>"",stayCity[[#This Row],[out]]-stayCity[[#This Row],[in]],"-") | AF62: =IF(Y62="","-",YEAR(stayCity[[#This Row],[in]])) | AG62: . | AK62: =IF(AH62="","-",AH62) | AL62: =AI62 | AM62: =AJ62 | AN62: =stayCtry[[#This Row],[out]]-stayCtry[[#This Row],[in]] | AO62: =IF(AI62<>"",AO61+1,AO61) | AP62: . | AT62: =AQ62 | AU62: =AR62 | AV62: =AS62 | AW62: =stayCont[[#This Row],[out]]-stayCont[[#This Row],[in]] | AX62: =IF(AR62<>"",AX61+1,AX61) | AY62: . | BC62: =AZ62 | BD62: =BA62 | BE62: =BB62 | BF62: =stayWB[[#This Row],[out]]-stayWB[[#This Row],[in]] | BG62: =IF(BB62<>"",BG61+1,BG61) | BH62: . | BI62: FRA | BJ62: 1997 | BK62: =BI62 | BL62: =BJ62 | BM62: . | BN62: Z | BO62: =BN62 | BP62: . | BQ62: =IF(BR62<>"",BQ61+1,BQ61) | BR62: SP | BS62: SSA | BT62: SP-SSA | BU62: 34872 | BV62: . | BW62: =IF(BX62<>"",BW61+1,BW61) | CA62: =BZ62-BY62 | CB62: . | CC62: =IF(CD62<>"",CC61+1,CC61) | CD62: Salto Grande | CE62: 37478 | CF62: 37486 | CG62: =CF62-CE62 | CH62: . | CI62: =IF(CJ62<>"",CI61+1,CI61) | CK62: .
A63: . | B63: . | C63: =IF(raw[[#This Row],[city]]="","-",IF(raw[[#This Row],[city]]="TODAY","-",C62+1)) | D63: Friburgo | E63: 29769 | F63: 29772 | G63: - | H63: =H62 | I63: - | J63: - | K63: =IF(raw[[#This Row],[city]]<>"",_xlfn.XLOOKUP($D63,ccc[city],ccc[prov],"-"),"-") | L63: =IF(raw[[#This Row],[city]]<>"",_xlfn.XLOOKUP($D63,ccc[city],ccc[ctry],"-"),"-") | M63: =IF(raw[[#This Row],[city]]<>"",_xlfn.XLOOKUP($D63,ccc[city],ccc[cont],"-"),"-") | N63: =IF(raw[[#This Row],[city]]="","-",IF(raw[[#This Row],[cont]]="B",raw[[#This Row],[cont]],"W")) | O63: =IF(raw[[#This Row],[out]]=0,0,IF(raw[[#This Row],[out]]=raw[[#This Row],[in]],0.01,raw[[#This Row],[out]]-raw[[#This Row],[in]])) | P63: =IF(raw[[#This Row],[in]]=0,0,MONTH(raw[[#This Row],[in]])) | Q63: =IF(raw[[#This Row],[in]]=0,0,YEAR(raw[[#This Row],[in]])) | R63: =INT(raw[[#This Row],[yr]]/10)*10 | S63: =IF(raw[[#This Row],[city]]="","-",IF(raw[[#This Row],[city]]<>_xlfn.XLOOKUP(raw[[#This Row],[home]],homes[home],homes[city],"-"),1,0)) | T63: . | U63: =IF(raw[[#This Row],[wb]]="w",raw[[#This Row],[stay]]+U62,U62) | V63: =IF(raw[[#This Row],[out]]=0,V62,(raw[[#This Row],[out]]-E$5)) | W63: =U63/V63 | X63: . | AB63: {=_xlfn.LET(_xlpm.S,_xlfn.ANCHORARRAY($Y$4),_xlpm.r,ROWS(stayCity[[#Headers],[city]]:stayCity[[#This Row],[city]])-1,IF(_xlpm.r<=ROWS(_xlpm.S),INDEX(_xlpm.S,_xlpm.r,1),""))} | AC63: {=_xlfn.LET(_xlpm.S,_xlfn.ANCHORARRAY($Y$4),_xlpm.r,ROWS(stayCity[[#Headers],[city]]:stayCity[[#This Row],[city]])-1,IF(_xlpm.r<=ROWS(_xlpm.S),INDEX(_xlpm.S,_xlpm.r,2),""))} | AD63: {=_xlfn.LET(_xlpm.S,_xlfn.ANCHORARRAY($Y$4),_xlpm.r,ROWS(stayCity[[#Headers],[city]]:stayCity[[#This Row],[city]])-1,IF(_xlpm.r<=ROWS(_xlpm.S),INDEX(_xlpm.S,_xlpm.r,3),""))} | AE63: =IF(stayCity[[#This Row],[out]]<>"",stayCity[[#This Row],[out]]-stayCity[[#This Row],[in]],"-") | AF63: =IF(Y63="","-",YEAR(stayCity[[#This Row],[in]])) | AG63: . | AK63: =IF(AH63="","-",AH63) | AL63: =AI63 | AM63: =AJ63 | AN63: =stayCtry[[#This Row],[out]]-stayCtry[[#This Row],[in]] | AO63: =IF(AI63<>"",AO62+1,AO62) | AP63: . | AT63: =AQ63 | AU63: =AR63 | AV63: =AS63 | AW63: =stayCont[[#This Row],[out]]-stayCont[[#This Row],[in]] | AX63: =IF(AR63<>"",AX62+1,AX62) | AY63: . | BC63: =AZ63 | BD63: =BA63 | BE63: =BB63 | BF63: =stayWB[[#This Row],[out]]-stayWB[[#This Row],[in]] | BG63: =IF(BB63<>"",BG62+1,BG62) | BH63: . | BI63: NED | BJ63: 1997 | BK63: =BI63 | BL63: =BJ63 | BM63: . | BN63: E | BO63: =BN63 | BP63: . | BQ63: =IF(BR63<>"",BQ62+1,BQ62) | BR63: SSA | BS63: SP | BT63: SSA-SP | BU63: 34906 | BV63: . | BW63: =IF(BX63<>"",BW62+1,BW62) | CA63: =BZ63-BY63 | CB63: . | CC63: =IF(CD63<>"",CC62+1,CC62) | CD63: Salto Grande | CE63: 37497 | CF63: 37501 | CG63: =CF63-CE63 | CH63: . | CI63: =IF(CJ63<>"",CI62+1,CI62) | CK63: .
A64: . | B64: . | C64: =IF(raw[[#This Row],[city]]="","-",IF(raw[[#This Row],[city]]="TODAY","-",C63+1)) | D64: Petropolis | E64: 29772 | F64: 29787 | G64: - | H64: =H63 | I64: - | J64: - | K64: =IF(raw[[#This Row],[city]]<>"",_xlfn.XLOOKUP($D64,ccc[city],ccc[prov],"-"),"-") | L64: =IF(raw[[#This Row],[city]]<>"",_xlfn.XLOOKUP($D64,ccc[city],ccc[ctry],"-"),"-") | M64: =IF(raw[[#This Row],[city]]<>"",_xlfn.XLOOKUP($D64,ccc[city],ccc[cont],"-"),"-") | N64: =IF(raw[[#This Row],[city]]="","-",IF(raw[[#This Row],[cont]]="B",raw[[#This Row],[cont]],"W")) | O64: =IF(raw[[#This Row],[out]]=0,0,IF(raw[[#This Row],[out]]=raw[[#This Row],[in]],0.01,raw[[#This Row],[out]]-raw[[#This Row],[in]])) | P64: =IF(raw[[#This Row],[in]]=0,0,MONTH(raw[[#This Row],[in]])) | Q64: =IF(raw[[#This Row],[in]]=0,0,YEAR(raw[[#This Row],[in]])) | R64: =INT(raw[[#This Row],[yr]]/10)*10 | S64: =IF(raw[[#This Row],[city]]="","-",IF(raw[[#This Row],[city]]<>_xlfn.XLOOKUP(raw[[#This Row],[home]],homes[home],homes[city],"-"),1,0)) | T64: . | U64: =IF(raw[[#This Row],[wb]]="w",raw[[#This Row],[stay]]+U63,U63) | V64: =IF(raw[[#This Row],[out]]=0,V63,(raw[[#This Row],[out]]-E$5)) | W64: =U64/V64 | X64: . | AB64: {=_xlfn.LET(_xlpm.S,_xlfn.ANCHORARRAY($Y$4),_xlpm.r,ROWS(stayCity[[#Headers],[city]]:stayCity[[#This Row],[city]])-1,IF(_xlpm.r<=ROWS(_xlpm.S),INDEX(_xlpm.S,_xlpm.r,1),""))} | AC64: {=_xlfn.LET(_xlpm.S,_xlfn.ANCHORARRAY($Y$4),_xlpm.r,ROWS(stayCity[[#Headers],[city]]:stayCity[[#This Row],[city]])-1,IF(_xlpm.r<=ROWS(_xlpm.S),INDEX(_xlpm.S,_xlpm.r,2),""))} | AD64: {=_xlfn.LET(_xlpm.S,_xlfn.ANCHORARRAY($Y$4),_xlpm.r,ROWS(stayCity[[#Headers],[city]]:stayCity[[#This Row],[city]])-1,IF(_xlpm.r<=ROWS(_xlpm.S),INDEX(_xlpm.S,_xlpm.r,3),""))} | AE64: =IF(stayCity[[#This Row],[out]]<>"",stayCity[[#This Row],[out]]-stayCity[[#This Row],[in]],"-") | AF64: =IF(Y64="","-",YEAR(stayCity[[#This Row],[in]])) | AG64: . | AK64: =IF(AH64="","-",AH64) | AL64: =AI64 | AM64: =AJ64 | AN64: =stayCtry[[#This Row],[out]]-stayCtry[[#This Row],[in]] | AO64: =IF(AI64<>"",AO63+1,AO63) | AP64: . | AT64: =AQ64 | AU64: =AR64 | AV64: =AS64 | AW64: =stayCont[[#This Row],[out]]-stayCont[[#This Row],[in]] | AX64: =IF(AR64<>"",AX63+1,AX63) | AY64: . | BC64: =AZ64 | BD64: =BA64 | BE64: =BB64 | BF64: =stayWB[[#This Row],[out]]-stayWB[[#This Row],[in]] | BG64: =IF(BB64<>"",BG63+1,BG63) | BH64: . | BI64: FRA | BJ64: 1997 | BK64: =BI64 | BL64: =BJ64 | BM64: . | BN64: B | BO64: =BN64 | BP64: . | BQ64: =IF(BR64<>"",BQ63+1,BQ63) | BR64: SP | BS64: SSA | BT64: SP-SSA | BU64: 35046 | BV64: . | BW64: =IF(BX64<>"",BW63+1,BW63) | CA64: =BZ64-BY64 | CB64: . | CC64: =IF(CD64<>"",CC63+1,CC63) | CD64: Salto Grande | CE64: 37504 | CF64: 37506 | CG64: =CF64-CE64 | CH64: . | CI64: =IF(CJ64<>"",CI63+1,CI63) | CK64: .
A65: . | B65: . | C65: =IF(raw[[#This Row],[city]]="","-",IF(raw[[#This Row],[city]]="TODAY","-",C64+1)) | D65: ROAD | E65: 29787 | F65: 29788 | G65: - | H65: =H64 | I65: - | J65: - | K65: =IF(raw[[#This Row],[city]]<>"",_xlfn.XLOOKUP($D65,ccc[city],ccc[prov],"-"),"-") | L65: =IF(raw[[#This Row],[city]]<>"",_xlfn.XLOOKUP($D65,ccc[city],ccc[ctry],"-"),"-") | M65: =IF(raw[[#This Row],[city]]<>"",_xlfn.XLOOKUP($D65,ccc[city],ccc[cont],"-"),"-") | N65: =IF(raw[[#This Row],[city]]="","-",IF(raw[[#This Row],[cont]]="B",raw[[#This Row],[cont]],"W")) | O65: =IF(raw[[#This Row],[out]]=0,0,IF(raw[[#This Row],[out]]=raw[[#This Row],[in]],0.01,raw[[#This Row],[out]]-raw[[#This Row],[in]])) | P65: =IF(raw[[#This Row],[in]]=0,0,MONTH(raw[[#This Row],[in]])) | Q65: =IF(raw[[#This Row],[in]]=0,0,YEAR(raw[[#This Row],[in]])) | R65: =INT(raw[[#This Row],[yr]]/10)*10 | S65: =IF(raw[[#This Row],[city]]="","-",IF(raw[[#This Row],[city]]<>_xlfn.XLOOKUP(raw[[#This Row],[home]],homes[home],homes[city],"-"),1,0)) | T65: . | U65: =IF(raw[[#This Row],[wb]]="w",raw[[#This Row],[stay]]+U64,U64) | V65: =IF(raw[[#This Row],[out]]=0,V64,(raw[[#This Row],[out]]-E$5)) | W65: =U65/V65 | X65: . | AB65: {=_xlfn.LET(_xlpm.S,_xlfn.ANCHORARRAY($Y$4),_xlpm.r,ROWS(stayCity[[#Headers],[city]]:stayCity[[#This Row],[city]])-1,IF(_xlpm.r<=ROWS(_xlpm.S),INDEX(_xlpm.S,_xlpm.r,1),""))} | AC65: {=_xlfn.LET(_xlpm.S,_xlfn.ANCHORARRAY($Y$4),_xlpm.r,ROWS(stayCity[[#Headers],[city]]:stayCity[[#This Row],[city]])-1,IF(_xlpm.r<=ROWS(_xlpm.S),INDEX(_xlpm.S,_xlpm.r,2),""))} | AD65: {=_xlfn.LET(_xlpm.S,_xlfn.ANCHORARRAY($Y$4),_xlpm.r,ROWS(stayCity[[#Headers],[city]]:stayCity[[#This Row],[city]])-1,IF(_xlpm.r<=ROWS(_xlpm.S),INDEX(_xlpm.S,_xlpm.r,3),""))} | AE65: =IF(stayCity[[#This Row],[out]]<>"",stayCity[[#This Row],[out]]-stayCity[[#This Row],[in]],"-") | AF65: =IF(Y65="","-",YEAR(stayCity[[#This Row],[in]])) | AG65: . | AK65: =IF(AH65="","-",AH65) | AL65: =AI65 | AM65: =AJ65 | AN65: =stayCtry[[#This Row],[out]]-stayCtry[[#This Row],[in]] | AO65: =IF(AI65<>"",AO64+1,AO64) | AP65: . | AT65: =AQ65 | AU65: =AR65 | AV65: =AS65 | AW65: =stayCont[[#This Row],[out]]-stayCont[[#This Row],[in]] | AX65: =IF(AR65<>"",AX64+1,AX64) | AY65: . | BC65: =AZ65 | BD65: =BA65 | BE65: =BB65 | BF65: =stayWB[[#This Row],[out]]-stayWB[[#This Row],[in]] | BG65: =IF(BB65<>"",BG64+1,BG64) | BH65: . | BI65: CHE | BJ65: 1997 | BK65: =BI65 | BL65: =BJ65 | BM65: . | BN65: N | BO65: =BN65 | BP65: . | BQ65: =IF(BR65<>"",BQ64+1,BQ64) | BR65: SSA | BS65: SP | BT65: SSA-SP | BU65: 35121 | BV65: . | BW65: =IF(BX65<>"",BW64+1,BW64) | CA65: =BZ65-BY65 | CB65: . | CC65: =IF(CD65<>"",CC64+1,CC64) | CD65: Salto Grande | CE65: 37510 | CF65: 37512 | CG65: =CF65-CE65 | CH65: .
A66: . | B66: . | C66: =IF(raw[[#This Row],[city]]="","-",IF(raw[[#This Row],[city]]="TODAY","-",C65+1)) | D66: SSA | E66: 29788 | F66: 29952 | G66: - | H66: =H65 | I66: - | J66: - | K66: =IF(raw[[#This Row],[city]]<>"",_xlfn.XLOOKUP($D66,ccc[city],ccc[prov],"-"),"-") | L66: =IF(raw[[#This Row],[city]]<>"",_xlfn.XLOOKUP($D66,ccc[city],ccc[ctry],"-"),"-") | M66: =IF(raw[[#This Row],[city]]<>"",_xlfn.XLOOKUP($D66,ccc[city],ccc[cont],"-"),"-") | N66: =IF(raw[[#This Row],[city]]="","-",IF(raw[[#This Row],[cont]]="B",raw[[#This Row],[cont]],"W")) | O66: =IF(raw[[#This Row],[out]]=0,0,IF(raw[[#This Row],[out]]=raw[[#This Row],[in]],0.01,raw[[#This Row],[out]]-raw[[#This Row],[in]])) | P66: =IF(raw[[#This Row],[in]]=0,0,MONTH(raw[[#This Row],[in]])) | Q66: =IF(raw[[#This Row],[in]]=0,0,YEAR(raw[[#This Row],[in]])) | R66: =INT(raw[[#This Row],[yr]]/10)*10 | S66: =IF(raw[[#This Row],[city]]="","-",IF(raw[[#This Row],[city]]<>_xlfn.XLOOKUP(raw[[#This Row],[home]],homes[home],homes[city],"-"),1,0)) | T66: . | U66: =IF(raw[[#This Row],[wb]]="w",raw[[#This Row],[stay]]+U65,U65) | V66: =IF(raw[[#This Row],[out]]=0,V65,(raw[[#This Row],[out]]-E$5)) | W66: =U66/V66 | X66: . | AB66: {=_xlfn.LET(_xlpm.S,_xlfn.ANCHORARRAY($Y$4),_xlpm.r,ROWS(stayCity[[#Headers],[city]]:stayCity[[#This Row],[city]])-1,IF(_xlpm.r<=ROWS(_xlpm.S),INDEX(_xlpm.S,_xlpm.r,1),""))} | AC66: {=_xlfn.LET(_xlpm.S,_xlfn.ANCHORARRAY($Y$4),_xlpm.r,ROWS(stayCity[[#Headers],[city]]:stayCity[[#This Row],[city]])-1,IF(_xlpm.r<=ROWS(_xlpm.S),INDEX(_xlpm.S,_xlpm.r,2),""))} | AD66: {=_xlfn.LET(_xlpm.S,_xlfn.ANCHORARRAY($Y$4),_xlpm.r,ROWS(stayCity[[#Headers],[city]]:stayCity[[#This Row],[city]])-1,IF(_xlpm.r<=ROWS(_xlpm.S),INDEX(_xlpm.S,_xlpm.r,3),""))} | AE66: =IF(stayCity[[#This Row],[out]]<>"",stayCity[[#This Row],[out]]-stayCity[[#This Row],[in]],"-") | AF66: =IF(Y66="","-",YEAR(stayCity[[#This Row],[in]])) | AG66: . | AK66: =IF(AH66="","-",AH66) | AL66: =AI66 | AM66: =AJ66 | AN66: =stayCtry[[#This Row],[out]]-stayCtry[[#This Row],[in]] | AO66: =IF(AI66<>"",AO65+1,AO65) | AP66: . | AT66: =AQ66 | AU66: =AR66 | AV66: =AS66 | AW66: =stayCont[[#This Row],[out]]-stayCont[[#This Row],[in]] | AX66: =IF(AR66<>"",AX65+1,AX65) | AY66: . | BC66: =AZ66 | BD66: =BA66 | BE66: =BB66 | BF66: =stayWB[[#This Row],[out]]-stayWB[[#This Row],[in]] | BG66: =IF(BB66<>"",BG65+1,BG65) | BH66: . | BI66: FRA | BJ66: 1997 | BK66: =BI66 | BL66: =BJ66 | BM66: . | BN66: B | BO66: =BN66 | BP66: . | BQ66: =IF(BR66<>"",BQ65+1,BQ65) | BR66: Rio | BS66: SP | BT66: Rio-SP | BU66: 35151 | BV66: . | BW66: =IF(BX66<>"",BW65+1,BW65) | CA66: =BZ66-BY66 | CB66: . | CC66: =IF(CD66<>"",CC65+1,CC65) | CD66: Salto Grande | CE66: 37516 | CF66: 37519 | CG66: =CF66-CE66 | CH66: .
A67: . | B67: . | C67: =IF(raw[[#This Row],[city]]="","-",IF(raw[[#This Row],[city]]="TODAY","-",C66+1)) | D67: SSA | E67: 29952 | F67: 29957 | G67: 1 | H67: =H66 | I67: - | J67: REV | K67: =IF(raw[[#This Row],[city]]<>"",_xlfn.XLOOKUP($D67,ccc[city],ccc[prov],"-"),"-") | L67: =IF(raw[[#This Row],[city]]<>"",_xlfn.XLOOKUP($D67,ccc[city],ccc[ctry],"-"),"-") | M67: =IF(raw[[#This Row],[city]]<>"",_xlfn.XLOOKUP($D67,ccc[city],ccc[cont],"-"),"-") | N67: =IF(raw[[#This Row],[city]]="","-",IF(raw[[#This Row],[cont]]="B",raw[[#This Row],[cont]],"W")) | O67: =IF(raw[[#This Row],[out]]=0,0,IF(raw[[#This Row],[out]]=raw[[#This Row],[in]],0.01,raw[[#This Row],[out]]-raw[[#This Row],[in]])) | P67: =IF(raw[[#This Row],[in]]=0,0,MONTH(raw[[#This Row],[in]])) | Q67: =IF(raw[[#This Row],[in]]=0,0,YEAR(raw[[#This Row],[in]])) | R67: =INT(raw[[#This Row],[yr]]/10)*10 | S67: =IF(raw[[#This Row],[city]]="","-",IF(raw[[#This Row],[city]]<>_xlfn.XLOOKUP(raw[[#This Row],[home]],homes[home],homes[city],"-"),1,0)) | T67: . | U67: =IF(raw[[#This Row],[wb]]="w",raw[[#This Row],[stay]]+U66,U66) | V67: =IF(raw[[#This Row],[out]]=0,V66,(raw[[#This Row],[out]]-E$5)) | W67: =U67/V67 | X67: . | AB67: {=_xlfn.LET(_xlpm.S,_xlfn.ANCHORARRAY($Y$4),_xlpm.r,ROWS(stayCity[[#Headers],[city]]:stayCity[[#This Row],[city]])-1,IF(_xlpm.r<=ROWS(_xlpm.S),INDEX(_xlpm.S,_xlpm.r,1),""))} | AC67: {=_xlfn.LET(_xlpm.S,_xlfn.ANCHORARRAY($Y$4),_xlpm.r,ROWS(stayCity[[#Headers],[city]]:stayCity[[#This Row],[city]])-1,IF(_xlpm.r<=ROWS(_xlpm.S),INDEX(_xlpm.S,_xlpm.r,2),""))} | AD67: {=_xlfn.LET(_xlpm.S,_xlfn.ANCHORARRAY($Y$4),_xlpm.r,ROWS(stayCity[[#Headers],[city]]:stayCity[[#This Row],[city]])-1,IF(_xlpm.r<=ROWS(_xlpm.S),INDEX(_xlpm.S,_xlpm.r,3),""))} | AE67: =IF(stayCity[[#This Row],[out]]<>"",stayCity[[#This Row],[out]]-stayCity[[#This Row],[in]],"-") | AF67: =IF(Y67="","-",YEAR(stayCity[[#This Row],[in]])) | AG67: . | AK67: =IF(AH67="","-",AH67) | AL67: =AI67 | AM67: =AJ67 | AN67: =stayCtry[[#This Row],[out]]-stayCtry[[#This Row],[in]] | AO67: =IF(AI67<>"",AO66+1,AO66) | AP67: . | AT67: =AQ67 | AU67: =AR67 | AV67: =AS67 | AW67: =stayCont[[#This Row],[out]]-stayCont[[#This Row],[in]] | AX67: =IF(AR67<>"",AX66+1,AX66) | AY67: . | BC67: =AZ67 | BD67: =BA67 | BE67: =BB67 | BF67: =stayWB[[#This Row],[out]]-stayWB[[#This Row],[in]] | BG67: =IF(BB67<>"",BG66+1,BG66) | BH67: . | BI67: DEU | BJ67: 1997 | BK67: =BI67 | BL67: =BJ67 | BM67: . | BN67: Z | BO67: =BN67 | BP67: . | BQ67: =IF(BR67<>"",BQ66+1,BQ66) | BR67: SP | BS67: London | BT67: SP-London | BU67: 35152 | BV67: . | BW67: =IF(BX67<>"",BW66+1,BW66) | CB67: . | CC67: =IF(CD67<>"",CC66+1,CC66) | CD67: Salto Grande | CE67: 37523 | CF67: 37525 | CG67: =CF67-CE67 | CH67: .
A68: . | B68: . | C68: =IF(raw[[#This Row],[city]]="","-",IF(raw[[#This Row],[city]]="TODAY","-",C67+1)) | D68: Rio | E68: 29957 | F68: 29957 | G68: 0.01 | H68: =H67 | I68: - | J68: - | K68: =IF(raw[[#This Row],[city]]<>"",_xlfn.XLOOKUP($D68,ccc[city],ccc[prov],"-"),"-") | L68: =IF(raw[[#This Row],[city]]<>"",_xlfn.XLOOKUP($D68,ccc[city],ccc[ctry],"-"),"-") | M68: =IF(raw[[#This Row],[city]]<>"",_xlfn.XLOOKUP($D68,ccc[city],ccc[cont],"-"),"-") | N68: =IF(raw[[#This Row],[city]]="","-",IF(raw[[#This Row],[cont]]="B",raw[[#This Row],[cont]],"W")) | O68: =IF(raw[[#This Row],[out]]=0,0,IF(raw[[#This Row],[out]]=raw[[#This Row],[in]],0.01,raw[[#This Row],[out]]-raw[[#This Row],[in]])) | P68: =IF(raw[[#This Row],[in]]=0,0,MONTH(raw[[#This Row],[in]])) | Q68: =IF(raw[[#This Row],[in]]=0,0,YEAR(raw[[#This Row],[in]])) | R68: =INT(raw[[#This Row],[yr]]/10)*10 | S68: =IF(raw[[#This Row],[city]]="","-",IF(raw[[#This Row],[city]]<>_xlfn.XLOOKUP(raw[[#This Row],[home]],homes[home],homes[city],"-"),1,0)) | T68: . | U68: =IF(raw[[#This Row],[wb]]="w",raw[[#This Row],[stay]]+U67,U67) | V68: =IF(raw[[#This Row],[out]]=0,V67,(raw[[#This Row],[out]]-E$5)) | W68: =U68/V68 | X68: . | AB68: {=_xlfn.LET(_xlpm.S,_xlfn.ANCHORARRAY($Y$4),_xlpm.r,ROWS(stayCity[[#Headers],[city]]:stayCity[[#This Row],[city]])-1,IF(_xlpm.r<=ROWS(_xlpm.S),INDEX(_xlpm.S,_xlpm.r,1),""))} | AC68: {=_xlfn.LET(_xlpm.S,_xlfn.ANCHORARRAY($Y$4),_xlpm.r,ROWS(stayCity[[#Headers],[city]]:stayCity[[#This Row],[city]])-1,IF(_xlpm.r<=ROWS(_xlpm.S),INDEX(_xlpm.S,_xlpm.r,2),""))} | AD68: {=_xlfn.LET(_xlpm.S,_xlfn.ANCHORARRAY($Y$4),_xlpm.r,ROWS(stayCity[[#Headers],[city]]:stayCity[[#This Row],[city]])-1,IF(_xlpm.r<=ROWS(_xlpm.S),INDEX(_xlpm.S,_xlpm.r,3),""))} | AE68: =IF(stayCity[[#This Row],[out]]<>"",stayCity[[#This Row],[out]]-stayCity[[#This Row],[in]],"-") | AF68: =IF(Y68="","-",YEAR(stayCity[[#This Row],[in]])) | AG68: . | AK68: =IF(AH68="","-",AH68) | AL68: =AI68 | AM68: =AJ68 | AN68: =stayCtry[[#This Row],[out]]-stayCtry[[#This Row],[in]] | AO68: =IF(AI68<>"",AO67+1,AO67) | AP68: . | AT68: =AQ68 | AU68: =AR68 | AV68: =AS68 | AW68: =stayCont[[#This Row],[out]]-stayCont[[#This Row],[in]] | AX68: =IF(AR68<>"",AX67+1,AX67) | AY68: . | BC68: =AZ68 | BD68: =BA68 | BE68: =BB68 | BF68: =stayWB[[#This Row],[out]]-stayWB[[#This Row],[in]] | BG68: =IF(BB68<>"",BG67+1,BG67) | BH68: . | BI68: BRA | BJ68: 1997 | BK68: =BI68 | BL68: =BJ68 | BM68: . | BN68: E | BO68: =BN68 | BP68: . | BQ68: =IF(BR68<>"",BQ67+1,BQ67) | BR68: London | BS68: Stockholm | BT68: London-Stockholm | BU68: 35236 | BV68: . | CB68: . | CC68: =IF(CD68<>"",CC67+1,CC67) | CD68: Ondina | CE68: 37525 | CF68: 37530 | CG68: =CF68-CE68 | CH68: .
A69: . | B69: . | C69: =IF(raw[[#This Row],[city]]="","-",IF(raw[[#This Row],[city]]="TODAY","-",C68+1)) | D69: AIR | E69: 29957 | F69: 29958 | G69: x | H69: =H68 | I69: - | J69: - | K69: =IF(raw[[#This Row],[city]]<>"",_xlfn.XLOOKUP($D69,ccc[city],ccc[prov],"-"),"-") | L69: =IF(raw[[#This Row],[city]]<>"",_xlfn.XLOOKUP($D69,ccc[city],ccc[ctry],"-"),"-") | M69: =IF(raw[[#This Row],[city]]<>"",_xlfn.XLOOKUP($D69,ccc[city],ccc[cont],"-"),"-") | N69: =IF(raw[[#This Row],[city]]="","-",IF(raw[[#This Row],[cont]]="B",raw[[#This Row],[cont]],"W")) | O69: =IF(raw[[#This Row],[out]]=0,0,IF(raw[[#This Row],[out]]=raw[[#This Row],[in]],0.01,raw[[#This Row],[out]]-raw[[#This Row],[in]])) | P69: =IF(raw[[#This Row],[in]]=0,0,MONTH(raw[[#This Row],[in]])) | Q69: =IF(raw[[#This Row],[in]]=0,0,YEAR(raw[[#This Row],[in]])) | R69: =INT(raw[[#This Row],[yr]]/10)*10 | S69: =IF(raw[[#This Row],[city]]="","-",IF(raw[[#This Row],[city]]<>_xlfn.XLOOKUP(raw[[#This Row],[home]],homes[home],homes[city],"-"),1,0)) | T69: . | U69: =IF(raw[[#This Row],[wb]]="w",raw[[#This Row],[stay]]+U68,U68) | V69: =IF(raw[[#This Row],[out]]=0,V68,(raw[[#This Row],[out]]-E$5)) | W69: =U69/V69 | X69: . | AB69: {=_xlfn.LET(_xlpm.S,_xlfn.ANCHORARRAY($Y$4),_xlpm.r,ROWS(stayCity[[#Headers],[city]]:stayCity[[#This Row],[city]])-1,IF(_xlpm.r<=ROWS(_xlpm.S),INDEX(_xlpm.S,_xlpm.r,1),""))} | AC69: {=_xlfn.LET(_xlpm.S,_xlfn.ANCHORARRAY($Y$4),_xlpm.r,ROWS(stayCity[[#Headers],[city]]:stayCity[[#This Row],[city]])-1,IF(_xlpm.r<=ROWS(_xlpm.S),INDEX(_xlpm.S,_xlpm.r,2),""))} | AD69: {=_xlfn.LET(_xlpm.S,_xlfn.ANCHORARRAY($Y$4),_xlpm.r,ROWS(stayCity[[#Headers],[city]]:stayCity[[#This Row],[city]])-1,IF(_xlpm.r<=ROWS(_xlpm.S),INDEX(_xlpm.S,_xlpm.r,3),""))} | AE69: =IF(stayCity[[#This Row],[out]]<>"",stayCity[[#This Row],[out]]-stayCity[[#This Row],[in]],"-") | AF69: =IF(Y69="","-",YEAR(stayCity[[#This Row],[in]])) | AG69: . | AK69: =IF(AH69="","-",AH69) | AL69: =AI69 | AM69: =AJ69 | AN69: =stayCtry[[#This Row],[out]]-stayCtry[[#This Row],[in]] | AO69: =IF(AI69<>"",AO68+1,AO68) | AP69: . | AT69: =AQ69 | AU69: =AR69 | AV69: =AS69 | AW69: =stayCont[[#This Row],[out]]-stayCont[[#This Row],[in]] | AX69: =IF(AR69<>"",AX68+1,AX68) | AY69: . | BC69: =AZ69 | BD69: =BA69 | BE69: =BB69 | BF69: =stayWB[[#This Row],[out]]-stayWB[[#This Row],[in]] | BG69: =IF(BB69<>"",BG68+1,BG68) | BH69: . | BI69: DEU | BJ69: 1998 | BK69: =BI69 | BL69: =BJ69 | BM69: . | BN69: B | BO69: =BN69 | BP69: . | BQ69: =IF(BR69<>"",BQ68+1,BQ68) | BR69: Stockholm | BS69: London | BT69: Stockholm-London | BU69: 35243 | BV69: . | CB69: . | CC69: =IF(CD69<>"",CC68+1,CC68) | CD69: Salto Grande | CE69: 37530 | CF69: 37533 | CG69: =CF69-CE69 | CH69: .
A70: . | B70: . | C70: =IF(raw[[#This Row],[city]]="","-",IF(raw[[#This Row],[city]]="TODAY","-",C69+1)) | D70: Lima | E70: 29958 | F70: 29959 | G70: 1 | H70: =H69 | I70: - | J70: - | K70: =IF(raw[[#This Row],[city]]<>"",_xlfn.XLOOKUP($D70,ccc[city],ccc[prov],"-"),"-") | L70: =IF(raw[[#This Row],[city]]<>"",_xlfn.XLOOKUP($D70,ccc[city],ccc[ctry],"-"),"-") | M70: =IF(raw[[#This Row],[city]]<>"",_xlfn.XLOOKUP($D70,ccc[city],ccc[cont],"-"),"-") | N70: =IF(raw[[#This Row],[city]]="","-",IF(raw[[#This Row],[cont]]="B",raw[[#This Row],[cont]],"W")) | O70: =IF(raw[[#This Row],[out]]=0,0,IF(raw[[#This Row],[out]]=raw[[#This Row],[in]],0.01,raw[[#This Row],[out]]-raw[[#This Row],[in]])) | P70: =IF(raw[[#This Row],[in]]=0,0,MONTH(raw[[#This Row],[in]])) | Q70: =IF(raw[[#This Row],[in]]=0,0,YEAR(raw[[#This Row],[in]])) | R70: =INT(raw[[#This Row],[yr]]/10)*10 | S70: =IF(raw[[#This Row],[city]]="","-",IF(raw[[#This Row],[city]]<>_xlfn.XLOOKUP(raw[[#This Row],[home]],homes[home],homes[city],"-"),1,0)) | T70: . | U70: =IF(raw[[#This Row],[wb]]="w",raw[[#This Row],[stay]]+U69,U69) | V70: =IF(raw[[#This Row],[out]]=0,V69,(raw[[#This Row],[out]]-E$5)) | W70: =U70/V70 | X70: . | AB70: {=_xlfn.LET(_xlpm.S,_xlfn.ANCHORARRAY($Y$4),_xlpm.r,ROWS(stayCity[[#Headers],[city]]:stayCity[[#This Row],[city]])-1,IF(_xlpm.r<=ROWS(_xlpm.S),INDEX(_xlpm.S,_xlpm.r,1),""))} | AC70: {=_xlfn.LET(_xlpm.S,_xlfn.ANCHORARRAY($Y$4),_xlpm.r,ROWS(stayCity[[#Headers],[city]]:stayCity[[#This Row],[city]])-1,IF(_xlpm.r<=ROWS(_xlpm.S),INDEX(_xlpm.S,_xlpm.r,2),""))} | AD70: {=_xlfn.LET(_xlpm.S,_xlfn.ANCHORARRAY($Y$4),_xlpm.r,ROWS(stayCity[[#Headers],[city]]:stayCity[[#This Row],[city]])-1,IF(_xlpm.r<=ROWS(_xlpm.S),INDEX(_xlpm.S,_xlpm.r,3),""))} | AE70: =IF(stayCity[[#This Row],[out]]<>"",stayCity[[#This Row],[out]]-stayCity[[#This Row],[in]],"-") | AF70: =IF(Y70="","-",YEAR(stayCity[[#This Row],[in]])) | AG70: . | AK70: =IF(AH70="","-",AH70) | AL70: =AI70 | AM70: =AJ70 | AN70: =stayCtry[[#This Row],[out]]-stayCtry[[#This Row],[in]] | AO70: =IF(AI70<>"",AO69+1,AO69) | AP70: . | AT70: =AQ70 | AU70: =AR70 | AV70: =AS70 | AW70: =stayCont[[#This Row],[out]]-stayCont[[#This Row],[in]] | AX70: =IF(AR70<>"",AX69+1,AX69) | AY70: . | BC70: =AZ70 | BD70: =BA70 | BE70: =BB70 | BF70: =stayWB[[#This Row],[out]]-stayWB[[#This Row],[in]] | BG70: =IF(BB70<>"",BG69+1,BG69) | BH70: . | BI70: FRA | BJ70: 1998 | BK70: =BI70 | BL70: =BJ70 | BM70: . | BN70: S | BO70: =BN70 | BP70: . | BQ70: =IF(BR70<>"",BQ69+1,BQ69) | BR70: London | BS70: SP | BT70: London-SP | BU70: 35390 | BV70: . | CB70: . | CC70: =IF(CD70<>"",CC69+1,CC69) | CD70: Salto Grande | CE70: 37537 | CF70: 37540 | CG70: =CF70-CE70 | CH70: .
A71: . | B71: . | C71: =IF(raw[[#This Row],[city]]="","-",IF(raw[[#This Row],[city]]="TODAY","-",C70+1)) | D71: Cuzco | E71: 29959 | F71: 29961 | G71: - | H71: =H70 | I71: - | J71: - | K71: =IF(raw[[#This Row],[city]]<>"",_xlfn.XLOOKUP($D71,ccc[city],ccc[prov],"-"),"-") | L71: =IF(raw[[#This Row],[city]]<>"",_xlfn.XLOOKUP($D71,ccc[city],ccc[ctry],"-"),"-") | M71: =IF(raw[[#This Row],[city]]<>"",_xlfn.XLOOKUP($D71,ccc[city],ccc[cont],"-"),"-") | N71: =IF(raw[[#This Row],[city]]="","-",IF(raw[[#This Row],[cont]]="B",raw[[#This Row],[cont]],"W")) | O71: =IF(raw[[#This Row],[out]]=0,0,IF(raw[[#This Row],[out]]=raw[[#This Row],[in]],0.01,raw[[#This Row],[out]]-raw[[#This Row],[in]])) | P71: =IF(raw[[#This Row],[in]]=0,0,MONTH(raw[[#This Row],[in]])) | Q71: =IF(raw[[#This Row],[in]]=0,0,YEAR(raw[[#This Row],[in]])) | R71: =INT(raw[[#This Row],[yr]]/10)*10 | S71: =IF(raw[[#This Row],[city]]="","-",IF(raw[[#This Row],[city]]<>_xlfn.XLOOKUP(raw[[#This Row],[home]],homes[home],homes[city],"-"),1,0)) | T71: . | U71: =IF(raw[[#This Row],[wb]]="w",raw[[#This Row],[stay]]+U70,U70) | V71: =IF(raw[[#This Row],[out]]=0,V70,(raw[[#This Row],[out]]-E$5)) | W71: =U71/V71 | X71: . | AB71: {=_xlfn.LET(_xlpm.S,_xlfn.ANCHORARRAY($Y$4),_xlpm.r,ROWS(stayCity[[#Headers],[city]]:stayCity[[#This Row],[city]])-1,IF(_xlpm.r<=ROWS(_xlpm.S),INDEX(_xlpm.S,_xlpm.r,1),""))} | AC71: {=_xlfn.LET(_xlpm.S,_xlfn.ANCHORARRAY($Y$4),_xlpm.r,ROWS(stayCity[[#Headers],[city]]:stayCity[[#This Row],[city]])-1,IF(_xlpm.r<=ROWS(_xlpm.S),INDEX(_xlpm.S,_xlpm.r,2),""))} | AD71: {=_xlfn.LET(_xlpm.S,_xlfn.ANCHORARRAY($Y$4),_xlpm.r,ROWS(stayCity[[#Headers],[city]]:stayCity[[#This Row],[city]])-1,IF(_xlpm.r<=ROWS(_xlpm.S),INDEX(_xlpm.S,_xlpm.r,3),""))} | AE71: =IF(stayCity[[#This Row],[out]]<>"",stayCity[[#This Row],[out]]-stayCity[[#This Row],[in]],"-") | AF71: =IF(Y71="","-",YEAR(stayCity[[#This Row],[in]])) | AG71: . | AK71: =IF(AH71="","-",AH71) | AL71: =AI71 | AM71: =AJ71 | AN71: =stayCtry[[#This Row],[out]]-stayCtry[[#This Row],[in]] | AO71: =IF(AI71<>"",AO70+1,AO70) | AP71: . | AT71: =AQ71 | AU71: =AR71 | AV71: =AS71 | AW71: =stayCont[[#This Row],[out]]-stayCont[[#This Row],[in]] | AX71: =IF(AR71<>"",AX70+1,AX70) | AY71: . | BC71: =AZ71 | BD71: =BA71 | BE71: =BB71 | BF71: =stayWB[[#This Row],[out]]-stayWB[[#This Row],[in]] | BG71: =IF(BB71<>"",BG70+1,BG70) | BH71: . | BI71: BEL | BJ71: 1998 | BK71: =BI71 | BL71: =BJ71 | BM71: . | BN71: B | BO71: =BN71 | BP71: . | BQ71: =IF(BR71<>"",BQ70+1,BQ70) | BR71: SP | BS71: SSA | BT71: SP-SSA | BU71: 35397 | BV71: . | CB71: . | CC71: =IF(CD71<>"",CC70+1,CC70) | CD71: Guaecá | CE71: 37547 | CF71: 37551 | CG71: =CF71-CE71 | CH71: .
A72: . | B72: . | C72: =IF(raw[[#This Row],[city]]="","-",IF(raw[[#This Row],[city]]="TODAY","-",C71+1)) | D72: Macchu-Picchu | E72: 29960 | F72: 29960 | G72: - | H72: =H71 | I72: - | J72: - | K72: =IF(raw[[#This Row],[city]]<>"",_xlfn.XLOOKUP($D72,ccc[city],ccc[prov],"-"),"-") | L72: =IF(raw[[#This Row],[city]]<>"",_xlfn.XLOOKUP($D72,ccc[city],ccc[ctry],"-"),"-") | M72: =IF(raw[[#This Row],[city]]<>"",_xlfn.XLOOKUP($D72,ccc[city],ccc[cont],"-"),"-") | N72: =IF(raw[[#This Row],[city]]="","-",IF(raw[[#This Row],[cont]]="B",raw[[#This Row],[cont]],"W")) | O72: =IF(raw[[#This Row],[out]]=0,0,IF(raw[[#This Row],[out]]=raw[[#This Row],[in]],0.01,raw[[#This Row],[out]]-raw[[#This Row],[in]])) | P72: =IF(raw[[#This Row],[in]]=0,0,MONTH(raw[[#This Row],[in]])) | Q72: =IF(raw[[#This Row],[in]]=0,0,YEAR(raw[[#This Row],[in]])) | R72: =INT(raw[[#This Row],[yr]]/10)*10 | S72: =IF(raw[[#This Row],[city]]="","-",IF(raw[[#This Row],[city]]<>_xlfn.XLOOKUP(raw[[#This Row],[home]],homes[home],homes[city],"-"),1,0)) | T72: . | U72: =IF(raw[[#This Row],[wb]]="w",raw[[#This Row],[stay]]+U71,U71) | V72: =IF(raw[[#This Row],[out]]=0,V71,(raw[[#This Row],[out]]-E$5)) | W72: =U72/V72 | X72: . | AB72: {=_xlfn.LET(_xlpm.S,_xlfn.ANCHORARRAY($Y$4),_xlpm.r,ROWS(stayCity[[#Headers],[city]]:stayCity[[#This Row],[city]])-1,IF(_xlpm.r<=ROWS(_xlpm.S),INDEX(_xlpm.S,_xlpm.r,1),""))} | AC72: {=_xlfn.LET(_xlpm.S,_xlfn.ANCHORARRAY($Y$4),_xlpm.r,ROWS(stayCity[[#Headers],[city]]:stayCity[[#This Row],[city]])-1,IF(_xlpm.r<=ROWS(_xlpm.S),INDEX(_xlpm.S,_xlpm.r,2),""))} | AD72: {=_xlfn.LET(_xlpm.S,_xlfn.ANCHORARRAY($Y$4),_xlpm.r,ROWS(stayCity[[#Headers],[city]]:stayCity[[#This Row],[city]])-1,IF(_xlpm.r<=ROWS(_xlpm.S),INDEX(_xlpm.S,_xlpm.r,3),""))} | AE72: =IF(stayCity[[#This Row],[out]]<>"",stayCity[[#This Row],[out]]-stayCity[[#This Row],[in]],"-") | AF72: =IF(Y72="","-",YEAR(stayCity[[#This Row],[in]])) | AG72: . | AK72: =IF(AH72="","-",AH72) | AL72: =AI72 | AM72: =AJ72 | AN72: =stayCtry[[#This Row],[out]]-stayCtry[[#This Row],[in]] | AO72: =IF(AI72<>"",AO71+1,AO71) | AP72: . | AT72: =AQ72 | AU72: =AR72 | AV72: =AS72 | AW72: =stayCont[[#This Row],[out]]-stayCont[[#This Row],[in]] | AX72: =IF(AR72<>"",AX71+1,AX71) | AY72: . | BC72: =AZ72 | BD72: =BA72 | BE72: =BB72 | BF72: =stayWB[[#This Row],[out]]-stayWB[[#This Row],[in]] | BG72: =IF(BB72<>"",BG71+1,BG71) | BH72: . | BI72: BRA | BJ72: 1998 | BK72: =BI72 | BL72: =BJ72 | BM72: . | BN72: Z | BO72: =BN72 | BP72: . | BQ72: =IF(BR72<>"",BQ71+1,BQ71) | BR72: SSA | BS72: SP | BT72: SSA-SP | BU72: 35656 | BV72: . | CB72: . | CC72: =IF(CD72<>"",CC71+1,CC71) | CD72: Salto Grande | CE72: 37553 | CF72: 37555 | CG72: =CF72-CE72 | CH72: .
A73: . | B73: . | C73: =IF(raw[[#This Row],[city]]="","-",IF(raw[[#This Row],[city]]="TODAY","-",C72+1)) | D73: Cuzco | E73: 29961 | F73: 29961 | G73: 1 | H73: =H72 | I73: - | J73: - | K73: =IF(raw[[#This Row],[city]]<>"",_xlfn.XLOOKUP($D73,ccc[city],ccc[prov],"-"),"-") | L73: =IF(raw[[#This Row],[city]]<>"",_xlfn.XLOOKUP($D73,ccc[city],ccc[ctry],"-"),"-") | M73: =IF(raw[[#This Row],[city]]<>"",_xlfn.XLOOKUP($D73,ccc[city],ccc[cont],"-"),"-") | N73: =IF(raw[[#This Row],[city]]="","-",IF(raw[[#This Row],[cont]]="B",raw[[#This Row],[cont]],"W")) | O73: =IF(raw[[#This Row],[out]]=0,0,IF(raw[[#This Row],[out]]=raw[[#This Row],[in]],0.01,raw[[#This Row],[out]]-raw[[#This Row],[in]])) | P73: =IF(raw[[#This Row],[in]]=0,0,MONTH(raw[[#This Row],[in]])) | Q73: =IF(raw[[#This Row],[in]]=0,0,YEAR(raw[[#This Row],[in]])) | R73: =INT(raw[[#This Row],[yr]]/10)*10 | S73: =IF(raw[[#This Row],[city]]="","-",IF(raw[[#This Row],[city]]<>_xlfn.XLOOKUP(raw[[#This Row],[home]],homes[home],homes[city],"-"),1,0)) | T73: . | U73: =IF(raw[[#This Row],[wb]]="w",raw[[#This Row],[stay]]+U72,U72) | V73: =IF(raw[[#This Row],[out]]=0,V72,(raw[[#This Row],[out]]-E$5)) | W73: =U73/V73 | X73: . | AB73: {=_xlfn.LET(_xlpm.S,_xlfn.ANCHORARRAY($Y$4),_xlpm.r,ROWS(stayCity[[#Headers],[city]]:stayCity[[#This Row],[city]])-1,IF(_xlpm.r<=ROWS(_xlpm.S),INDEX(_xlpm.S,_xlpm.r,1),""))} | AC73: {=_xlfn.LET(_xlpm.S,_xlfn.ANCHORARRAY($Y$4),_xlpm.r,ROWS(stayCity[[#Headers],[city]]:stayCity[[#This Row],[city]])-1,IF(_xlpm.r<=ROWS(_xlpm.S),INDEX(_xlpm.S,_xlpm.r,2),""))} | AD73: {=_xlfn.LET(_xlpm.S,_xlfn.ANCHORARRAY($Y$4),_xlpm.r,ROWS(stayCity[[#Headers],[city]]:stayCity[[#This Row],[city]])-1,IF(_xlpm.r<=ROWS(_xlpm.S),INDEX(_xlpm.S,_xlpm.r,3),""))} | AE73: =IF(stayCity[[#This Row],[out]]<>"",stayCity[[#This Row],[out]]-stayCity[[#This Row],[in]],"-") | AF73: =IF(Y73="","-",YEAR(stayCity[[#This Row],[in]])) | AG73: . | AK73: =IF(AH73="","-",AH73) | AL73: =AI73 | AM73: =AJ73 | AN73: =stayCtry[[#This Row],[out]]-stayCtry[[#This Row],[in]] | AO73: =IF(AI73<>"",AO72+1,AO72) | AP73: . | AT73: =AQ73 | AU73: =AR73 | AV73: =AS73 | AW73: =stayCont[[#This Row],[out]]-stayCont[[#This Row],[in]] | AX73: =IF(AR73<>"",AX72+1,AX72) | AY73: . | BC73: =AZ73 | BD73: =BA73 | BE73: =BB73 | BF73: =stayWB[[#This Row],[out]]-stayWB[[#This Row],[in]] | BG73: =IF(BB73<>"",BG72+1,BG72) | BH73: . | BI73: BEL | BJ73: 1998 | BK73: =BI73 | BL73: =BJ73 | BM73: . | BN73: S | BO73: =BN73 | BP73: . | BQ73: =IF(BR73<>"",BQ72+1,BQ72) | BR73: SP | BS73: Frankfurt | BT73: SP-Frankfurt | BU73: 35660 | BV73: . | CB73: . | CC73: =IF(CD73<>"",CC72+1,CC72) | CD73: Ondina | CE73: 37555 | CF73: 37564 | CG73: =CF73-CE73 | CH73: .
A74: . | B74: . | C74: =IF(raw[[#This Row],[city]]="","-",IF(raw[[#This Row],[city]]="TODAY","-",C73+1)) | D74: Lima | E74: 29961 | F74: 29961 | G74: 0.01 | H74: =H73 | I74: - | J74: - | K74: =IF(raw[[#This Row],[city]]<>"",_xlfn.XLOOKUP($D74,ccc[city],ccc[prov],"-"),"-") | L74: =IF(raw[[#This Row],[city]]<>"",_xlfn.XLOOKUP($D74,ccc[city],ccc[ctry],"-"),"-") | M74: =IF(raw[[#This Row],[city]]<>"",_xlfn.XLOOKUP($D74,ccc[city],ccc[cont],"-"),"-") | N74: =IF(raw[[#This Row],[city]]="","-",IF(raw[[#This Row],[cont]]="B",raw[[#This Row],[cont]],"W")) | O74: =IF(raw[[#This Row],[out]]=0,0,IF(raw[[#This Row],[out]]=raw[[#This Row],[in]],0.01,raw[[#This Row],[out]]-raw[[#This Row],[in]])) | P74: =IF(raw[[#This Row],[in]]=0,0,MONTH(raw[[#This Row],[in]])) | Q74: =IF(raw[[#This Row],[in]]=0,0,YEAR(raw[[#This Row],[in]])) | R74: =INT(raw[[#This Row],[yr]]/10)*10 | S74: =IF(raw[[#This Row],[city]]="","-",IF(raw[[#This Row],[city]]<>_xlfn.XLOOKUP(raw[[#This Row],[home]],homes[home],homes[city],"-"),1,0)) | T74: . | U74: =IF(raw[[#This Row],[wb]]="w",raw[[#This Row],[stay]]+U73,U73) | V74: =IF(raw[[#This Row],[out]]=0,V73,(raw[[#This Row],[out]]-E$5)) | W74: =U74/V74 | X74: . | AB74: {=_xlfn.LET(_xlpm.S,_xlfn.ANCHORARRAY($Y$4),_xlpm.r,ROWS(stayCity[[#Headers],[city]]:stayCity[[#This Row],[city]])-1,IF(_xlpm.r<=ROWS(_xlpm.S),INDEX(_xlpm.S,_xlpm.r,1),""))} | AC74: {=_xlfn.LET(_xlpm.S,_xlfn.ANCHORARRAY($Y$4),_xlpm.r,ROWS(stayCity[[#Headers],[city]]:stayCity[[#This Row],[city]])-1,IF(_xlpm.r<=ROWS(_xlpm.S),INDEX(_xlpm.S,_xlpm.r,2),""))} | AD74: {=_xlfn.LET(_xlpm.S,_xlfn.ANCHORARRAY($Y$4),_xlpm.r,ROWS(stayCity[[#Headers],[city]]:stayCity[[#This Row],[city]])-1,IF(_xlpm.r<=ROWS(_xlpm.S),INDEX(_xlpm.S,_xlpm.r,3),""))} | AE74: =IF(stayCity[[#This Row],[out]]<>"",stayCity[[#This Row],[out]]-stayCity[[#This Row],[in]],"-") | AF74: =IF(Y74="","-",YEAR(stayCity[[#This Row],[in]])) | AG74: . | AK74: =IF(AH74="","-",AH74) | AL74: =AI74 | AM74: =AJ74 | AN74: =stayCtry[[#This Row],[out]]-stayCtry[[#This Row],[in]] | AO74: =IF(AI74<>"",AO73+1,AO73) | AP74: . | AT74: =AQ74 | AU74: =AR74 | AV74: =AS74 | AW74: =stayCont[[#This Row],[out]]-stayCont[[#This Row],[in]] | AX74: =IF(AR74<>"",AX73+1,AX73) | AY74: . | BC74: =AZ74 | BD74: =BA74 | BE74: =BB74 | BF74: =stayWB[[#This Row],[out]]-stayWB[[#This Row],[in]] | BG74: =IF(BB74<>"",BG73+1,BG73) | BH74: . | BI74: FRA | BJ74: 1998 | BK74: =BI74 | BL74: =BJ74 | BM74: . | BN74: B | BO74: =BN74 | BP74: . | BQ74: =IF(BR74<>"",BQ73+1,BQ73) | BR74: Frankfurt | BS74: Paris | BT74: Frankfurt-Paris | BU74: 35661 | BV74: . | CB74: . | CC74: =IF(CD74<>"",CC73+1,CC73) | CD74: Salto Grande | CE74: 37564 | CF74: 37569 | CG74: =CF74-CE74 | CH74: .
A75: . | B75: . | C75: =IF(raw[[#This Row],[city]]="","-",IF(raw[[#This Row],[city]]="TODAY","-",C74+1)) | D75: AIR | E75: 29961 | F75: 29962 | G75: x | H75: =H74 | I75: - | J75: - | K75: =IF(raw[[#This Row],[city]]<>"",_xlfn.XLOOKUP($D75,ccc[city],ccc[prov],"-"),"-") | L75: =IF(raw[[#This Row],[city]]<>"",_xlfn.XLOOKUP($D75,ccc[city],ccc[ctry],"-"),"-") | M75: =IF(raw[[#This Row],[city]]<>"",_xlfn.XLOOKUP($D75,ccc[city],ccc[cont],"-"),"-") | N75: =IF(raw[[#This Row],[city]]="","-",IF(raw[[#This Row],[cont]]="B",raw[[#This Row],[cont]],"W")) | O75: =IF(raw[[#This Row],[out]]=0,0,IF(raw[[#This Row],[out]]=raw[[#This Row],[in]],0.01,raw[[#This Row],[out]]-raw[[#This Row],[in]])) | P75: =IF(raw[[#This Row],[in]]=0,0,MONTH(raw[[#This Row],[in]])) | Q75: =IF(raw[[#This Row],[in]]=0,0,YEAR(raw[[#This Row],[in]])) | R75: =INT(raw[[#This Row],[yr]]/10)*10 | S75: =IF(raw[[#This Row],[city]]="","-",IF(raw[[#This Row],[city]]<>_xlfn.XLOOKUP(raw[[#This Row],[home]],homes[home],homes[city],"-"),1,0)) | T75: . | U75: =IF(raw[[#This Row],[wb]]="w",raw[[#This Row],[stay]]+U74,U74) | V75: =IF(raw[[#This Row],[out]]=0,V74,(raw[[#This Row],[out]]-E$5)) | W75: =U75/V75 | X75: . | AB75: {=_xlfn.LET(_xlpm.S,_xlfn.ANCHORARRAY($Y$4),_xlpm.r,ROWS(stayCity[[#Headers],[city]]:stayCity[[#This Row],[city]])-1,IF(_xlpm.r<=ROWS(_xlpm.S),INDEX(_xlpm.S,_xlpm.r,1),""))} | AC75: {=_xlfn.LET(_xlpm.S,_xlfn.ANCHORARRAY($Y$4),_xlpm.r,ROWS(stayCity[[#Headers],[city]]:stayCity[[#This Row],[city]])-1,IF(_xlpm.r<=ROWS(_xlpm.S),INDEX(_xlpm.S,_xlpm.r,2),""))} | AD75: {=_xlfn.LET(_xlpm.S,_xlfn.ANCHORARRAY($Y$4),_xlpm.r,ROWS(stayCity[[#Headers],[city]]:stayCity[[#This Row],[city]])-1,IF(_xlpm.r<=ROWS(_xlpm.S),INDEX(_xlpm.S,_xlpm.r,3),""))} | AE75: =IF(stayCity[[#This Row],[out]]<>"",stayCity[[#This Row],[out]]-stayCity[[#This Row],[in]],"-") | AF75: =IF(Y75="","-",YEAR(stayCity[[#This Row],[in]])) | AG75: . | AK75: =IF(AH75="","-",AH75) | AL75: =AI75 | AM75: =AJ75 | AN75: =stayCtry[[#This Row],[out]]-stayCtry[[#This Row],[in]] | AO75: =IF(AI75<>"",AO74+1,AO74) | AP75: . | AT75: =AQ75 | AU75: =AR75 | AV75: =AS75 | AW75: =stayCont[[#This Row],[out]]-stayCont[[#This Row],[in]] | AX75: =IF(AR75<>"",AX74+1,AX74) | AY75: . | BC75: =AZ75 | BD75: =BA75 | BE75: =BB75 | BF75: =stayWB[[#This Row],[out]]-stayWB[[#This Row],[in]] | BG75: =IF(BB75<>"",BG74+1,BG74) | BH75: . | BI75: UK | BJ75: 1998 | BK75: =BI75 | BL75: =BJ75 | BM75: . | BN75: Z | BO75: =BN75 | BP75: . | BQ75: =IF(BR75<>"",BQ74+1,BQ74) | BR75: Paris | BS75: Frankfurt | BT75: Paris-Frankfurt | BU75: 35782 | BV75: . | CB75: . | CC75: =IF(CD75<>"",CC74+1,CC74) | CD75: Salto Grande | CE75: 37580 | CF75: 37582 | CG75: =CF75-CE75 | CH75: .
A76: . | B76: . | C76: =IF(raw[[#This Row],[city]]="","-",IF(raw[[#This Row],[city]]="TODAY","-",C75+1)) | D76: Mexico City | E76: 29962 | F76: 29964 | G76: - | H76: =H75 | I76: - | J76: - | K76: =IF(raw[[#This Row],[city]]<>"",_xlfn.XLOOKUP($D76,ccc[city],ccc[prov],"-"),"-") | L76: =IF(raw[[#This Row],[city]]<>"",_xlfn.XLOOKUP($D76,ccc[city],ccc[ctry],"-"),"-") | M76: =IF(raw[[#This Row],[city]]<>"",_xlfn.XLOOKUP($D76,ccc[city],ccc[cont],"-"),"-") | N76: =IF(raw[[#This Row],[city]]="","-",IF(raw[[#This Row],[cont]]="B",raw[[#This Row],[cont]],"W")) | O76: =IF(raw[[#This Row],[out]]=0,0,IF(raw[[#This Row],[out]]=raw[[#This Row],[in]],0.01,raw[[#This Row],[out]]-raw[[#This Row],[in]])) | P76: =IF(raw[[#This Row],[in]]=0,0,MONTH(raw[[#This Row],[in]])) | Q76: =IF(raw[[#This Row],[in]]=0,0,YEAR(raw[[#This Row],[in]])) | R76: =INT(raw[[#This Row],[yr]]/10)*10 | S76: =IF(raw[[#This Row],[city]]="","-",IF(raw[[#This Row],[city]]<>_xlfn.XLOOKUP(raw[[#This Row],[home]],homes[home],homes[city],"-"),1,0)) | T76: . | U76: =IF(raw[[#This Row],[wb]]="w",raw[[#This Row],[stay]]+U75,U75) | V76: =IF(raw[[#This Row],[out]]=0,V75,(raw[[#This Row],[out]]-E$5)) | W76: =U76/V76 | X76: . | AB76: {=_xlfn.LET(_xlpm.S,_xlfn.ANCHORARRAY($Y$4),_xlpm.r,ROWS(stayCity[[#Headers],[city]]:stayCity[[#This Row],[city]])-1,IF(_xlpm.r<=ROWS(_xlpm.S),INDEX(_xlpm.S,_xlpm.r,1),""))} | AC76: {=_xlfn.LET(_xlpm.S,_xlfn.ANCHORARRAY($Y$4),_xlpm.r,ROWS(stayCity[[#Headers],[city]]:stayCity[[#This Row],[city]])-1,IF(_xlpm.r<=ROWS(_xlpm.S),INDEX(_xlpm.S,_xlpm.r,2),""))} | AD76: {=_xlfn.LET(_xlpm.S,_xlfn.ANCHORARRAY($Y$4),_xlpm.r,ROWS(stayCity[[#Headers],[city]]:stayCity[[#This Row],[city]])-1,IF(_xlpm.r<=ROWS(_xlpm.S),INDEX(_xlpm.S,_xlpm.r,3),""))} | AE76: =IF(stayCity[[#This Row],[out]]<>"",stayCity[[#This Row],[out]]-stayCity[[#This Row],[in]],"-") | AF76: =IF(Y76="","-",YEAR(stayCity[[#This Row],[in]])) | AG76: . | AK76: =IF(AH76="","-",AH76) | AL76: =AI76 | AM76: =AJ76 | AN76: =stayCtry[[#This Row],[out]]-stayCtry[[#This Row],[in]] | AO76: =IF(AI76<>"",AO75+1,AO75) | AP76: . | AT76: =AQ76 | AU76: =AR76 | AV76: =AS76 | AW76: =stayCont[[#This Row],[out]]-stayCont[[#This Row],[in]] | AX76: =IF(AR76<>"",AX75+1,AX75) | AY76: . | BC76: =AZ76 | BD76: =BA76 | BE76: =BB76 | BF76: =stayWB[[#This Row],[out]]-stayWB[[#This Row],[in]] | BG76: =IF(BB76<>"",BG75+1,BG75) | BH76: . | BI76: FRA | BJ76: 1998 | BK76: =BI76 | BL76: =BJ76 | BM76: . | BN76: E | BO76: =BN76 | BP76: . | BQ76: =IF(BR76<>"",BQ75+1,BQ75) | BR76: Frankfurt | BS76: SSA | BT76: Frankfurt-SSA | BU76: 35782 | BV76: . | CB76: . | CC76: =IF(CD76<>"",CC75+1,CC75) | CD76: Guaecá | CE76: 37591 | CF76: 37592 | CG76: =CF76-CE76 | CH76: .
A77: . | B77: . | C77: =IF(raw[[#This Row],[city]]="","-",IF(raw[[#This Row],[city]]="TODAY","-",C76+1)) | D77: Taxco | E77: 29964 | F77: 29964 | G77: - | H77: =H76 | I77: - | J77: - | K77: =IF(raw[[#This Row],[city]]<>"",_xlfn.XLOOKUP($D77,ccc[city],ccc[prov],"-"),"-") | L77: =IF(raw[[#This Row],[city]]<>"",_xlfn.XLOOKUP($D77,ccc[city],ccc[ctry],"-"),"-") | M77: =IF(raw[[#This Row],[city]]<>"",_xlfn.XLOOKUP($D77,ccc[city],ccc[cont],"-"),"-") | N77: =IF(raw[[#This Row],[city]]="","-",IF(raw[[#This Row],[cont]]="B",raw[[#This Row],[cont]],"W")) | O77: =IF(raw[[#This Row],[out]]=0,0,IF(raw[[#This Row],[out]]=raw[[#This Row],[in]],0.01,raw[[#This Row],[out]]-raw[[#This Row],[in]])) | P77: =IF(raw[[#This Row],[in]]=0,0,MONTH(raw[[#This Row],[in]])) | Q77: =IF(raw[[#This Row],[in]]=0,0,YEAR(raw[[#This Row],[in]])) | R77: =INT(raw[[#This Row],[yr]]/10)*10 | S77: =IF(raw[[#This Row],[city]]="","-",IF(raw[[#This Row],[city]]<>_xlfn.XLOOKUP(raw[[#This Row],[home]],homes[home],homes[city],"-"),1,0)) | T77: . | U77: =IF(raw[[#This Row],[wb]]="w",raw[[#This Row],[stay]]+U76,U76) | V77: =IF(raw[[#This Row],[out]]=0,V76,(raw[[#This Row],[out]]-E$5)) | W77: =U77/V77 | X77: . | AB77: {=_xlfn.LET(_xlpm.S,_xlfn.ANCHORARRAY($Y$4),_xlpm.r,ROWS(stayCity[[#Headers],[city]]:stayCity[[#This Row],[city]])-1,IF(_xlpm.r<=ROWS(_xlpm.S),INDEX(_xlpm.S,_xlpm.r,1),""))} | AC77: {=_xlfn.LET(_xlpm.S,_xlfn.ANCHORARRAY($Y$4),_xlpm.r,ROWS(stayCity[[#Headers],[city]]:stayCity[[#This Row],[city]])-1,IF(_xlpm.r<=ROWS(_xlpm.S),INDEX(_xlpm.S,_xlpm.r,2),""))} | AD77: {=_xlfn.LET(_xlpm.S,_xlfn.ANCHORARRAY($Y$4),_xlpm.r,ROWS(stayCity[[#Headers],[city]]:stayCity[[#This Row],[city]])-1,IF(_xlpm.r<=ROWS(_xlpm.S),INDEX(_xlpm.S,_xlpm.r,3),""))} | AE77: =IF(stayCity[[#This Row],[out]]<>"",stayCity[[#This Row],[out]]-stayCity[[#This Row],[in]],"-") | AF77: =IF(Y77="","-",YEAR(stayCity[[#This Row],[in]])) | AG77: . | AK77: =IF(AH77="","-",AH77) | AL77: =AI77 | AM77: =AJ77 | AN77: =stayCtry[[#This Row],[out]]-stayCtry[[#This Row],[in]] | AO77: =IF(AI77<>"",AO76+1,AO76) | AP77: . | AT77: =AQ77 | AU77: =AR77 | AV77: =AS77 | AW77: =stayCont[[#This Row],[out]]-stayCont[[#This Row],[in]] | AX77: =IF(AR77<>"",AX76+1,AX76) | AY77: . | BC77: =AZ77 | BD77: =BA77 | BE77: =BB77 | BF77: =stayWB[[#This Row],[out]]-stayWB[[#This Row],[in]] | BG77: =IF(BB77<>"",BG76+1,BG76) | BH77: . | BI77: BEL | BJ77: 1998 | BK77: =BI77 | BL77: =BJ77 | BM77: . | BN77: F | BO77: =BN77 | BP77: . | BQ77: =IF(BR77<>"",BQ76+1,BQ76) | BR77: SSA | BS77: Frankfurt | BT77: SSA-Frankfurt | BU77: 35811 | BV77: . | CB77: . | CC77: =IF(CD77<>"",CC76+1,CC76) | CD77: Guaecá | CE77: 37598 | CF77: 37602 | CG77: =CF77-CE77 | CH77: .
A78: . | B78: . | C78: =IF(raw[[#This Row],[city]]="","-",IF(raw[[#This Row],[city]]="TODAY","-",C77+1)) | D78: Cavaglia | E78: 29964 | F78: 29964 | G78: - | H78: =H77 | I78: - | J78: - | K78: =IF(raw[[#This Row],[city]]<>"",_xlfn.XLOOKUP($D78,ccc[city],ccc[prov],"-"),"-") | L78: =IF(raw[[#This Row],[city]]<>"",_xlfn.XLOOKUP($D78,ccc[city],ccc[ctry],"-"),"-") | M78: =IF(raw[[#This Row],[city]]<>"",_xlfn.XLOOKUP($D78,ccc[city],ccc[cont],"-"),"-") | N78: =IF(raw[[#This Row],[city]]="","-",IF(raw[[#This Row],[cont]]="B",raw[[#This Row],[cont]],"W")) | O78: =IF(raw[[#This Row],[out]]=0,0,IF(raw[[#This Row],[out]]=raw[[#This Row],[in]],0.01,raw[[#This Row],[out]]-raw[[#This Row],[in]])) | P78: =IF(raw[[#This Row],[in]]=0,0,MONTH(raw[[#This Row],[in]])) | Q78: =IF(raw[[#This Row],[in]]=0,0,YEAR(raw[[#This Row],[in]])) | R78: =INT(raw[[#This Row],[yr]]/10)*10 | S78: =IF(raw[[#This Row],[city]]="","-",IF(raw[[#This Row],[city]]<>_xlfn.XLOOKUP(raw[[#This Row],[home]],homes[home],homes[city],"-"),1,0)) | T78: . | U78: =IF(raw[[#This Row],[wb]]="w",raw[[#This Row],[stay]]+U77,U77) | V78: =IF(raw[[#This Row],[out]]=0,V77,(raw[[#This Row],[out]]-E$5)) | W78: =U78/V78 | X78: . | AB78: {=_xlfn.LET(_xlpm.S,_xlfn.ANCHORARRAY($Y$4),_xlpm.r,ROWS(stayCity[[#Headers],[city]]:stayCity[[#This Row],[city]])-1,IF(_xlpm.r<=ROWS(_xlpm.S),INDEX(_xlpm.S,_xlpm.r,1),""))} | AC78: {=_xlfn.LET(_xlpm.S,_xlfn.ANCHORARRAY($Y$4),_xlpm.r,ROWS(stayCity[[#Headers],[city]]:stayCity[[#This Row],[city]])-1,IF(_xlpm.r<=ROWS(_xlpm.S),INDEX(_xlpm.S,_xlpm.r,2),""))} | AD78: {=_xlfn.LET(_xlpm.S,_xlfn.ANCHORARRAY($Y$4),_xlpm.r,ROWS(stayCity[[#Headers],[city]]:stayCity[[#This Row],[city]])-1,IF(_xlpm.r<=ROWS(_xlpm.S),INDEX(_xlpm.S,_xlpm.r,3),""))} | AE78: =IF(stayCity[[#This Row],[out]]<>"",stayCity[[#This Row],[out]]-stayCity[[#This Row],[in]],"-") | AF78: =IF(Y78="","-",YEAR(stayCity[[#This Row],[in]])) | AG78: . | AK78: =IF(AH78="","-",AH78) | AL78: =AI78 | AM78: =AJ78 | AN78: =stayCtry[[#This Row],[out]]-stayCtry[[#This Row],[in]] | AO78: =IF(AI78<>"",AO77+1,AO77) | AP78: . | AT78: =AQ78 | AU78: =AR78 | AV78: =AS78 | AW78: =stayCont[[#This Row],[out]]-stayCont[[#This Row],[in]] | AX78: =IF(AR78<>"",AX77+1,AX77) | AY78: . | BC78: =AZ78 | BD78: =BA78 | BE78: =BB78 | BF78: =stayWB[[#This Row],[out]]-stayWB[[#This Row],[in]] | BG78: =IF(BB78<>"",BG77+1,BG77) | BH78: . | BI78: FRA | BJ78: 1998 | BK78: =BI78 | BL78: =BJ78 | BM78: . | BN78: E | BO78: =BN78 | BP78: . | BQ78: =IF(BR78<>"",BQ77+1,BQ77) | BR78: Frankfurt | BS78: Paris | BT78: Frankfurt-Paris | BU78: 35812 | BV78: . | CB78: . | CC78: =IF(CD78<>"",CC77+1,CC77) | CD78: Salto Grande | CE78: 37602 | CF78: 37605 | CG78: =CF78-CE78 | CH78: .
A79: . | B79: . | C79: =IF(raw[[#This Row],[city]]="","-",IF(raw[[#This Row],[city]]="TODAY","-",C78+1)) | D79: Acapulco | E79: 29964 | F79: 29966 | G79: - | H79: =H78 | I79: - | J79: - | K79: =IF(raw[[#This Row],[city]]<>"",_xlfn.XLOOKUP($D79,ccc[city],ccc[prov],"-"),"-") | L79: =IF(raw[[#This Row],[city]]<>"",_xlfn.XLOOKUP($D79,ccc[city],ccc[ctry],"-"),"-") | M79: =IF(raw[[#This Row],[city]]<>"",_xlfn.XLOOKUP($D79,ccc[city],ccc[cont],"-"),"-") | N79: =IF(raw[[#This Row],[city]]="","-",IF(raw[[#This Row],[cont]]="B",raw[[#This Row],[cont]],"W")) | O79: =IF(raw[[#This Row],[out]]=0,0,IF(raw[[#This Row],[out]]=raw[[#This Row],[in]],0.01,raw[[#This Row],[out]]-raw[[#This Row],[in]])) | P79: =IF(raw[[#This Row],[in]]=0,0,MONTH(raw[[#This Row],[in]])) | Q79: =IF(raw[[#This Row],[in]]=0,0,YEAR(raw[[#This Row],[in]])) | R79: =INT(raw[[#This Row],[yr]]/10)*10 | S79: =IF(raw[[#This Row],[city]]="","-",IF(raw[[#This Row],[city]]<>_xlfn.XLOOKUP(raw[[#This Row],[home]],homes[home],homes[city],"-"),1,0)) | T79: . | U79: =IF(raw[[#This Row],[wb]]="w",raw[[#This Row],[stay]]+U78,U78) | V79: =IF(raw[[#This Row],[out]]=0,V78,(raw[[#This Row],[out]]-E$5)) | W79: =U79/V79 | X79: . | AB79: {=_xlfn.LET(_xlpm.S,_xlfn.ANCHORARRAY($Y$4),_xlpm.r,ROWS(stayCity[[#Headers],[city]]:stayCity[[#This Row],[city]])-1,IF(_xlpm.r<=ROWS(_xlpm.S),INDEX(_xlpm.S,_xlpm.r,1),""))} | AC79: {=_xlfn.LET(_xlpm.S,_xlfn.ANCHORARRAY($Y$4),_xlpm.r,ROWS(stayCity[[#Headers],[city]]:stayCity[[#This Row],[city]])-1,IF(_xlpm.r<=ROWS(_xlpm.S),INDEX(_xlpm.S,_xlpm.r,2),""))} | AD79: {=_xlfn.LET(_xlpm.S,_xlfn.ANCHORARRAY($Y$4),_xlpm.r,ROWS(stayCity[[#Headers],[city]]:stayCity[[#This Row],[city]])-1,IF(_xlpm.r<=ROWS(_xlpm.S),INDEX(_xlpm.S,_xlpm.r,3),""))} | AE79: =IF(stayCity[[#This Row],[out]]<>"",stayCity[[#This Row],[out]]-stayCity[[#This Row],[in]],"-") | AF79: =IF(Y79="","-",YEAR(stayCity[[#This Row],[in]])) | AG79: . | AK79: =IF(AH79="","-",AH79) | AL79: =AI79 | AM79: =AJ79 | AN79: =stayCtry[[#This Row],[out]]-stayCtry[[#This Row],[in]] | AO79: =IF(AI79<>"",AO78+1,AO78) | AP79: . | AT79: =AQ79 | AU79: =AR79 | AV79: =AS79 | AW79: =stayCont[[#This Row],[out]]-stayCont[[#This Row],[in]] | AX79: =IF(AR79<>"",AX78+1,AX78) | AY79: . | BC79: =AZ79 | BD79: =BA79 | BE79: =BB79 | BF79: =stayWB[[#This Row],[out]]-stayWB[[#This Row],[in]] | BG79: =IF(BB79<>"",BG78+1,BG78) | BH79: . | BI79: UK | BJ79: 1998 | BK79: =BI79 | BL79: =BJ79 | BM79: . | BN79: Z | BO79: =BN79 | BP79: . | BQ79: =IF(BR79<>"",BQ78+1,BQ78) | BR79: Paris | BS79: Bruxelas | BT79: Paris-Bruxelas | BU79: 35830 | BV79: . | CB79: . | CC79: =IF(CD79<>"",CC78+1,CC78) | CD79: Guaecá | CE79: 37605 | CF79: 37608 | CG79: =CF79-CE79 | CH79: .
A80: . | B80: . | C80: =IF(raw[[#This Row],[city]]="","-",IF(raw[[#This Row],[city]]="TODAY","-",C79+1)) | D80: Mexico City | E80: 29966 | F80: 29967 | G80: 1 | H80: =H79 | I80: - | J80: - | K80: =IF(raw[[#This Row],[city]]<>"",_xlfn.XLOOKUP($D80,ccc[city],ccc[prov],"-"),"-") | L80: =IF(raw[[#This Row],[city]]<>"",_xlfn.XLOOKUP($D80,ccc[city],ccc[ctry],"-"),"-") | M80: =IF(raw[[#This Row],[city]]<>"",_xlfn.XLOOKUP($D80,ccc[city],ccc[cont],"-"),"-") | N80: =IF(raw[[#This Row],[city]]="","-",IF(raw[[#This Row],[cont]]="B",raw[[#This Row],[cont]],"W")) | O80: =IF(raw[[#This Row],[out]]=0,0,IF(raw[[#This Row],[out]]=raw[[#This Row],[in]],0.01,raw[[#This Row],[out]]-raw[[#This Row],[in]])) | P80: =IF(raw[[#This Row],[in]]=0,0,MONTH(raw[[#This Row],[in]])) | Q80: =IF(raw[[#This Row],[in]]=0,0,YEAR(raw[[#This Row],[in]])) | R80: =INT(raw[[#This Row],[yr]]/10)*10 | S80: =IF(raw[[#This Row],[city]]="","-",IF(raw[[#This Row],[city]]<>_xlfn.XLOOKUP(raw[[#This Row],[home]],homes[home],homes[city],"-"),1,0)) | T80: . | U80: =IF(raw[[#This Row],[wb]]="w",raw[[#This Row],[stay]]+U79,U79) | V80: =IF(raw[[#This Row],[out]]=0,V79,(raw[[#This Row],[out]]-E$5)) | W80: =U80/V80 | X80: . | AB80: {=_xlfn.LET(_xlpm.S,_xlfn.ANCHORARRAY($Y$4),_xlpm.r,ROWS(stayCity[[#Headers],[city]]:stayCity[[#This Row],[city]])-1,IF(_xlpm.r<=ROWS(_xlpm.S),INDEX(_xlpm.S,_xlpm.r,1),""))} | AC80: {=_xlfn.LET(_xlpm.S,_xlfn.ANCHORARRAY($Y$4),_xlpm.r,ROWS(stayCity[[#Headers],[city]]:stayCity[[#This Row],[city]])-1,IF(_xlpm.r<=ROWS(_xlpm.S),INDEX(_xlpm.S,_xlpm.r,2),""))} | AD80: {=_xlfn.LET(_xlpm.S,_xlfn.ANCHORARRAY($Y$4),_xlpm.r,ROWS(stayCity[[#Headers],[city]]:stayCity[[#This Row],[city]])-1,IF(_xlpm.r<=ROWS(_xlpm.S),INDEX(_xlpm.S,_xlpm.r,3),""))} | AE80: =IF(stayCity[[#This Row],[out]]<>"",stayCity[[#This Row],[out]]-stayCity[[#This Row],[in]],"-") | AF80: =IF(Y80="","-",YEAR(stayCity[[#This Row],[in]])) | AG80: . | AK80: =IF(AH80="","-",AH80) | AL80: =AI80 | AM80: =AJ80 | AN80: =stayCtry[[#This Row],[out]]-stayCtry[[#This Row],[in]] | AO80: =IF(AI80<>"",AO79+1,AO79) | AP80: . | AT80: =AQ80 | AU80: =AR80 | AV80: =AS80 | AW80: =stayCont[[#This Row],[out]]-stayCont[[#This Row],[in]] | AX80: =IF(AR80<>"",AX79+1,AX79) | AY80: . | BC80: =AZ80 | BD80: =BA80 | BE80: =BB80 | BF80: =stayWB[[#This Row],[out]]-stayWB[[#This Row],[in]] | BG80: =IF(BB80<>"",BG79+1,BG79) | BH80: . | BI80: FRA | BJ80: 1998 | BK80: =BI80 | BL80: =BJ80 | BM80: . | BN80: B | BO80: =BN80 | BP80: . | BQ80: =IF(BR80<>"",BQ79+1,BQ79) | BR80: Bruxelas | BS80: SSA | BT80: Bruxelas-SSA | BU80: 35830 | BV80: . | CB80: . | CC80: =IF(CD80<>"",CC79+1,CC79) | CD80: Salto Grande | CE80: 37608 | CF80: 37609 | CG80: =CF80-CE80 | CH80: .
A81: . | B81: . | C81: =IF(raw[[#This Row],[city]]="","-",IF(raw[[#This Row],[city]]="TODAY","-",C80+1)) | D81: New Orleans | E81: 29967 | F81: 29969 | G81: 1 | H81: =H80 | I81: - | J81: - | K81: =IF(raw[[#This Row],[city]]<>"",_xlfn.XLOOKUP($D81,ccc[city],ccc[prov],"-"),"-") | L81: =IF(raw[[#This Row],[city]]<>"",_xlfn.XLOOKUP($D81,ccc[city],ccc[ctry],"-"),"-") | M81: =IF(raw[[#This Row],[city]]<>"",_xlfn.XLOOKUP($D81,ccc[city],ccc[cont],"-"),"-") | N81: =IF(raw[[#This Row],[city]]="","-",IF(raw[[#This Row],[cont]]="B",raw[[#This Row],[cont]],"W")) | O81: =IF(raw[[#This Row],[out]]=0,0,IF(raw[[#This Row],[out]]=raw[[#This Row],[in]],0.01,raw[[#This Row],[out]]-raw[[#This Row],[in]])) | P81: =IF(raw[[#This Row],[in]]=0,0,MONTH(raw[[#This Row],[in]])) | Q81: =IF(raw[[#This Row],[in]]=0,0,YEAR(raw[[#This Row],[in]])) | R81: =INT(raw[[#This Row],[yr]]/10)*10 | S81: =IF(raw[[#This Row],[city]]="","-",IF(raw[[#This Row],[city]]<>_xlfn.XLOOKUP(raw[[#This Row],[home]],homes[home],homes[city],"-"),1,0)) | T81: . | U81: =IF(raw[[#This Row],[wb]]="w",raw[[#This Row],[stay]]+U80,U80) | V81: =IF(raw[[#This Row],[out]]=0,V80,(raw[[#This Row],[out]]-E$5)) | W81: =U81/V81 | X81: . | AB81: {=_xlfn.LET(_xlpm.S,_xlfn.ANCHORARRAY($Y$4),_xlpm.r,ROWS(stayCity[[#Headers],[city]]:stayCity[[#This Row],[city]])-1,IF(_xlpm.r<=ROWS(_xlpm.S),INDEX(_xlpm.S,_xlpm.r,1),""))} | AC81: {=_xlfn.LET(_xlpm.S,_xlfn.ANCHORARRAY($Y$4),_xlpm.r,ROWS(stayCity[[#Headers],[city]]:stayCity[[#This Row],[city]])-1,IF(_xlpm.r<=ROWS(_xlpm.S),INDEX(_xlpm.S,_xlpm.r,2),""))} | AD81: {=_xlfn.LET(_xlpm.S,_xlfn.ANCHORARRAY($Y$4),_xlpm.r,ROWS(stayCity[[#Headers],[city]]:stayCity[[#This Row],[city]])-1,IF(_xlpm.r<=ROWS(_xlpm.S),INDEX(_xlpm.S,_xlpm.r,3),""))} | AE81: =IF(stayCity[[#This Row],[out]]<>"",stayCity[[#This Row],[out]]-stayCity[[#This Row],[in]],"-") | AF81: =IF(Y81="","-",YEAR(stayCity[[#This Row],[in]])) | AG81: . | AK81: =IF(AH81="","-",AH81) | AL81: =AI81 | AM81: =AJ81 | AN81: =stayCtry[[#This Row],[out]]-stayCtry[[#This Row],[in]] | AO81: =IF(AI81<>"",AO80+1,AO80) | AP81: . | AT81: =AQ81 | AU81: =AR81 | AV81: =AS81 | AW81: =stayCont[[#This Row],[out]]-stayCont[[#This Row],[in]] | AX81: =IF(AR81<>"",AX80+1,AX80) | AY81: . | BC81: =AZ81 | BD81: =BA81 | BE81: =BB81 | BF81: =stayWB[[#This Row],[out]]-stayWB[[#This Row],[in]] | BG81: =IF(BB81<>"",BG80+1,BG80) | BH81: . | BI81: UK | BJ81: 1998 | BK81: =BI81 | BL81: =BJ81 | BM81: . | BN81: Z | BO81: =BN81 | BP81: . | BQ81: =IF(BR81<>"",BQ80+1,BQ80) | BR81: SSA | BS81: Bruxelas | BT81: SSA-Bruxelas | BU81: 35864 | BV81: . | CB81: . | CC81: =IF(CD81<>"",CC80+1,CC80) | CD81: Salto Grande | CE81: 37632 | CF81: 37637 | CG81: =CF81-CE81 | CH81: .
A82: . | B82: . | C82: =IF(raw[[#This Row],[city]]="","-",IF(raw[[#This Row],[city]]="TODAY","-",C81+1)) | D82: Orlando | E82: 29969 | F82: 29975 | G82: - | H82: =H81 | I82: - | J82: - | K82: =IF(raw[[#This Row],[city]]<>"",_xlfn.XLOOKUP($D82,ccc[city],ccc[prov],"-"),"-") | L82: =IF(raw[[#This Row],[city]]<>"",_xlfn.XLOOKUP($D82,ccc[city],ccc[ctry],"-"),"-") | M82: =IF(raw[[#This Row],[city]]<>"",_xlfn.XLOOKUP($D82,ccc[city],ccc[cont],"-"),"-") | N82: =IF(raw[[#This Row],[city]]="","-",IF(raw[[#This Row],[cont]]="B",raw[[#This Row],[cont]],"W")) | O82: =IF(raw[[#This Row],[out]]=0,0,IF(raw[[#This Row],[out]]=raw[[#This Row],[in]],0.01,raw[[#This Row],[out]]-raw[[#This Row],[in]])) | P82: =IF(raw[[#This Row],[in]]=0,0,MONTH(raw[[#This Row],[in]])) | Q82: =IF(raw[[#This Row],[in]]=0,0,YEAR(raw[[#This Row],[in]])) | R82: =INT(raw[[#This Row],[yr]]/10)*10 | S82: =IF(raw[[#This Row],[city]]="","-",IF(raw[[#This Row],[city]]<>_xlfn.XLOOKUP(raw[[#This Row],[home]],homes[home],homes[city],"-"),1,0)) | T82: . | U82: =IF(raw[[#This Row],[wb]]="w",raw[[#This Row],[stay]]+U81,U81) | V82: =IF(raw[[#This Row],[out]]=0,V81,(raw[[#This Row],[out]]-E$5)) | W82: =U82/V82 | X82: . | AB82: {=_xlfn.LET(_xlpm.S,_xlfn.ANCHORARRAY($Y$4),_xlpm.r,ROWS(stayCity[[#Headers],[city]]:stayCity[[#This Row],[city]])-1,IF(_xlpm.r<=ROWS(_xlpm.S),INDEX(_xlpm.S,_xlpm.r,1),""))} | AC82: {=_xlfn.LET(_xlpm.S,_xlfn.ANCHORARRAY($Y$4),_xlpm.r,ROWS(stayCity[[#Headers],[city]]:stayCity[[#This Row],[city]])-1,IF(_xlpm.r<=ROWS(_xlpm.S),INDEX(_xlpm.S,_xlpm.r,2),""))} | AD82: {=_xlfn.LET(_xlpm.S,_xlfn.ANCHORARRAY($Y$4),_xlpm.r,ROWS(stayCity[[#Headers],[city]]:stayCity[[#This Row],[city]])-1,IF(_xlpm.r<=ROWS(_xlpm.S),INDEX(_xlpm.S,_xlpm.r,3),""))} | AE82: =IF(stayCity[[#This Row],[out]]<>"",stayCity[[#This Row],[out]]-stayCity[[#This Row],[in]],"-") | AF82: =IF(Y82="","-",YEAR(stayCity[[#This Row],[in]])) | AG82: . | AK82: =IF(AH82="","-",AH82) | AL82: =AI82 | AM82: =AJ82 | AN82: =stayCtry[[#This Row],[out]]-stayCtry[[#This Row],[in]] | AO82: =IF(AI82<>"",AO81+1,AO81) | AP82: . | AT82: =AQ82 | AU82: =AR82 | AV82: =AS82 | AW82: =stayCont[[#This Row],[out]]-stayCont[[#This Row],[in]] | AX82: =IF(AR82<>"",AX81+1,AX81) | AY82: . | BC82: =AZ82 | BD82: =BA82 | BE82: =BB82 | BF82: =stayWB[[#This Row],[out]]-stayWB[[#This Row],[in]] | BG82: =IF(BB82<>"",BG81+1,BG81) | BH82: . | BI82: FRA | BJ82: 1998 | BK82: =BI82 | BL82: =BJ82 | BM82: . | BN82: N | BO82: =BN82 | BP82: . | BQ82: =IF(BR82<>"",BQ81+1,BQ81) | BR82: Bruxelas | BS82: Paris | BT82: Bruxelas-Paris | BU82: 35864 | BV82: . | CB82: . | CC82: =IF(CD82<>"",CC81+1,CC81) | CD82: Encontro | CE82: 37646 | CF82: 37668 | CG82: =CF82-CE82 | CH82: .
A83: . | B83: . | C83: =IF(raw[[#This Row],[city]]="","-",IF(raw[[#This Row],[city]]="TODAY","-",C82+1)) | D83: Tampa | E83: 29974 | F83: 29974 | G83: - | H83: =H82 | I83: - | J83: - | K83: =IF(raw[[#This Row],[city]]<>"",_xlfn.XLOOKUP($D83,ccc[city],ccc[prov],"-"),"-") | L83: =IF(raw[[#This Row],[city]]<>"",_xlfn.XLOOKUP($D83,ccc[city],ccc[ctry],"-"),"-") | M83: =IF(raw[[#This Row],[city]]<>"",_xlfn.XLOOKUP($D83,ccc[city],ccc[cont],"-"),"-") | N83: =IF(raw[[#This Row],[city]]="","-",IF(raw[[#This Row],[cont]]="B",raw[[#This Row],[cont]],"W")) | O83: =IF(raw[[#This Row],[out]]=0,0,IF(raw[[#This Row],[out]]=raw[[#This Row],[in]],0.01,raw[[#This Row],[out]]-raw[[#This Row],[in]])) | P83: =IF(raw[[#This Row],[in]]=0,0,MONTH(raw[[#This Row],[in]])) | Q83: =IF(raw[[#This Row],[in]]=0,0,YEAR(raw[[#This Row],[in]])) | R83: =INT(raw[[#This Row],[yr]]/10)*10 | S83: =IF(raw[[#This Row],[city]]="","-",IF(raw[[#This Row],[city]]<>_xlfn.XLOOKUP(raw[[#This Row],[home]],homes[home],homes[city],"-"),1,0)) | T83: . | U83: =IF(raw[[#This Row],[wb]]="w",raw[[#This Row],[stay]]+U82,U82) | V83: =IF(raw[[#This Row],[out]]=0,V82,(raw[[#This Row],[out]]-E$5)) | W83: =U83/V83 | X83: . | AB83: {=_xlfn.LET(_xlpm.S,_xlfn.ANCHORARRAY($Y$4),_xlpm.r,ROWS(stayCity[[#Headers],[city]]:stayCity[[#This Row],[city]])-1,IF(_xlpm.r<=ROWS(_xlpm.S),INDEX(_xlpm.S,_xlpm.r,1),""))} | AC83: {=_xlfn.LET(_xlpm.S,_xlfn.ANCHORARRAY($Y$4),_xlpm.r,ROWS(stayCity[[#Headers],[city]]:stayCity[[#This Row],[city]])-1,IF(_xlpm.r<=ROWS(_xlpm.S),INDEX(_xlpm.S,_xlpm.r,2),""))} | AD83: {=_xlfn.LET(_xlpm.S,_xlfn.ANCHORARRAY($Y$4),_xlpm.r,ROWS(stayCity[[#Headers],[city]]:stayCity[[#This Row],[city]])-1,IF(_xlpm.r<=ROWS(_xlpm.S),INDEX(_xlpm.S,_xlpm.r,3),""))} | AE83: =IF(stayCity[[#This Row],[out]]<>"",stayCity[[#This Row],[out]]-stayCity[[#This Row],[in]],"-") | AF83: =IF(Y83="","-",YEAR(stayCity[[#This Row],[in]])) | AG83: . | AK83: =IF(AH83="","-",AH83) | AL83: =AI83 | AM83: =AJ83 | AN83: =stayCtry[[#This Row],[out]]-stayCtry[[#This Row],[in]] | AO83: =IF(AI83<>"",AO82+1,AO82) | AP83: . | AT83: =AQ83 | AU83: =AR83 | AV83: =AS83 | AW83: =stayCont[[#This Row],[out]]-stayCont[[#This Row],[in]] | AX83: =IF(AR83<>"",AX82+1,AX82) | AY83: . | BC83: =AZ83 | BD83: =BA83 | BE83: =BB83 | BF83: =stayWB[[#This Row],[out]]-stayWB[[#This Row],[in]] | BG83: =IF(BB83<>"",BG82+1,BG82) | BH83: . | BI83: BEL | BJ83: 1998 | BK83: =BI83 | BL83: =BJ83 | BM83: . | BN83: Z | BO83: =BN83 | BP83: . | BQ83: =IF(BR83<>"",BQ82+1,BQ82) | BR83: Paris | BS83: Frankfurt | BT83: Paris-Frankfurt | BU83: 36137 | BV83: . | CB83: . | CC83: =IF(CD83<>"",CC82+1,CC82) | CD83: Salto Grande | CE83: 37692 | CF83: 37712 | CG83: =CF83-CE83 | CH83: .
A84: . | B84: . | C84: =IF(raw[[#This Row],[city]]="","-",IF(raw[[#This Row],[city]]="TODAY","-",C83+1)) | D84: Miami | E84: 29975 | F84: 29977 | G84: 1 | H84: =H83 | I84: - | J84: - | K84: =IF(raw[[#This Row],[city]]<>"",_xlfn.XLOOKUP($D84,ccc[city],ccc[prov],"-"),"-") | L84: =IF(raw[[#This Row],[city]]<>"",_xlfn.XLOOKUP($D84,ccc[city],ccc[ctry],"-"),"-") | M84: =IF(raw[[#This Row],[city]]<>"",_xlfn.XLOOKUP($D84,ccc[city],ccc[cont],"-"),"-") | N84: =IF(raw[[#This Row],[city]]="","-",IF(raw[[#This Row],[cont]]="B",raw[[#This Row],[cont]],"W")) | O84: =IF(raw[[#This Row],[out]]=0,0,IF(raw[[#This Row],[out]]=raw[[#This Row],[in]],0.01,raw[[#This Row],[out]]-raw[[#This Row],[in]])) | P84: =IF(raw[[#This Row],[in]]=0,0,MONTH(raw[[#This Row],[in]])) | Q84: =IF(raw[[#This Row],[in]]=0,0,YEAR(raw[[#This Row],[in]])) | R84: =INT(raw[[#This Row],[yr]]/10)*10 | S84: =IF(raw[[#This Row],[city]]="","-",IF(raw[[#This Row],[city]]<>_xlfn.XLOOKUP(raw[[#This Row],[home]],homes[home],homes[city],"-"),1,0)) | T84: . | U84: =IF(raw[[#This Row],[wb]]="w",raw[[#This Row],[stay]]+U83,U83) | V84: =IF(raw[[#This Row],[out]]=0,V83,(raw[[#This Row],[out]]-E$5)) | W84: =U84/V84 | X84: . | AB84: {=_xlfn.LET(_xlpm.S,_xlfn.ANCHORARRAY($Y$4),_xlpm.r,ROWS(stayCity[[#Headers],[city]]:stayCity[[#This Row],[city]])-1,IF(_xlpm.r<=ROWS(_xlpm.S),INDEX(_xlpm.S,_xlpm.r,1),""))} | AC84: {=_xlfn.LET(_xlpm.S,_xlfn.ANCHORARRAY($Y$4),_xlpm.r,ROWS(stayCity[[#Headers],[city]]:stayCity[[#This Row],[city]])-1,IF(_xlpm.r<=ROWS(_xlpm.S),INDEX(_xlpm.S,_xlpm.r,2),""))} | AD84: {=_xlfn.LET(_xlpm.S,_xlfn.ANCHORARRAY($Y$4),_xlpm.r,ROWS(stayCity[[#Headers],[city]]:stayCity[[#This Row],[city]])-1,IF(_xlpm.r<=ROWS(_xlpm.S),INDEX(_xlpm.S,_xlpm.r,3),""))} | AE84: =IF(stayCity[[#This Row],[out]]<>"",stayCity[[#This Row],[out]]-stayCity[[#This Row],[in]],"-") | AF84: =IF(Y84="","-",YEAR(stayCity[[#This Row],[in]])) | AG84: . | AK84: =IF(AH84="","-",AH84) | AL84: =AI84 | AM84: =AJ84 | AN84: =stayCtry[[#This Row],[out]]-stayCtry[[#This Row],[in]] | AO84: =IF(AI84<>"",AO83+1,AO83) | AP84: . | AT84: =AQ84 | AU84: =AR84 | AV84: =AS84 | AW84: =stayCont[[#This Row],[out]]-stayCont[[#This Row],[in]] | AX84: =IF(AR84<>"",AX83+1,AX83) | AY84: . | BC84: =AZ84 | BD84: =BA84 | BE84: =BB84 | BF84: =stayWB[[#This Row],[out]]-stayWB[[#This Row],[in]] | BG84: =IF(BB84<>"",BG83+1,BG83) | BH84: . | BI84: NED | BJ84: 1998 | BK84: =BI84 | BL84: =BJ84 | BM84: . | BN84: B | BO84: =BN84 | BP84: . | BQ84: =IF(BR84<>"",BQ83+1,BQ83) | BR84: Frankfurt | BS84: SP | BT84: Frankfurt-SP | BU84: 36137 | BV84: . | CB84: . | CC84: =IF(CD84<>"",CC83+1,CC83) | CD84: Fred/Long Island | CE84: 37817 | CF84: 37824 | CG84: =CF84-CE84 | CH84: .
A85: . | B85: . | C85: =IF(raw[[#This Row],[city]]="","-",IF(raw[[#This Row],[city]]="TODAY","-",C84+1)) | D85: AIR | E85: 29977 | F85: 29978 | G85: x | H85: =H84 | I85: - | J85: - | K85: =IF(raw[[#This Row],[city]]<>"",_xlfn.XLOOKUP($D85,ccc[city],ccc[prov],"-"),"-") | L85: =IF(raw[[#This Row],[city]]<>"",_xlfn.XLOOKUP($D85,ccc[city],ccc[ctry],"-"),"-") | M85: =IF(raw[[#This Row],[city]]<>"",_xlfn.XLOOKUP($D85,ccc[city],ccc[cont],"-"),"-") | N85: =IF(raw[[#This Row],[city]]="","-",IF(raw[[#This Row],[cont]]="B",raw[[#This Row],[cont]],"W")) | O85: =IF(raw[[#This Row],[out]]=0,0,IF(raw[[#This Row],[out]]=raw[[#This Row],[in]],0.01,raw[[#This Row],[out]]-raw[[#This Row],[in]])) | P85: =IF(raw[[#This Row],[in]]=0,0,MONTH(raw[[#This Row],[in]])) | Q85: =IF(raw[[#This Row],[in]]=0,0,YEAR(raw[[#This Row],[in]])) | R85: =INT(raw[[#This Row],[yr]]/10)*10 | S85: =IF(raw[[#This Row],[city]]="","-",IF(raw[[#This Row],[city]]<>_xlfn.XLOOKUP(raw[[#This Row],[home]],homes[home],homes[city],"-"),1,0)) | T85: . | U85: =IF(raw[[#This Row],[wb]]="w",raw[[#This Row],[stay]]+U84,U84) | V85: =IF(raw[[#This Row],[out]]=0,V84,(raw[[#This Row],[out]]-E$5)) | W85: =U85/V85 | X85: . | AB85: {=_xlfn.LET(_xlpm.S,_xlfn.ANCHORARRAY($Y$4),_xlpm.r,ROWS(stayCity[[#Headers],[city]]:stayCity[[#This Row],[city]])-1,IF(_xlpm.r<=ROWS(_xlpm.S),INDEX(_xlpm.S,_xlpm.r,1),""))} | AC85: {=_xlfn.LET(_xlpm.S,_xlfn.ANCHORARRAY($Y$4),_xlpm.r,ROWS(stayCity[[#Headers],[city]]:stayCity[[#This Row],[city]])-1,IF(_xlpm.r<=ROWS(_xlpm.S),INDEX(_xlpm.S,_xlpm.r,2),""))} | AD85: {=_xlfn.LET(_xlpm.S,_xlfn.ANCHORARRAY($Y$4),_xlpm.r,ROWS(stayCity[[#Headers],[city]]:stayCity[[#This Row],[city]])-1,IF(_xlpm.r<=ROWS(_xlpm.S),INDEX(_xlpm.S,_xlpm.r,3),""))} | AE85: =IF(stayCity[[#This Row],[out]]<>"",stayCity[[#This Row],[out]]-stayCity[[#This Row],[in]],"-") | AF85: =IF(Y85="","-",YEAR(stayCity[[#This Row],[in]])) | AG85: . | AK85: =IF(AH85="","-",AH85) | AL85: =AI85 | AM85: =AJ85 | AN85: =stayCtry[[#This Row],[out]]-stayCtry[[#This Row],[in]] | AO85: =IF(AI85<>"",AO84+1,AO84) | AP85: . | AT85: =AQ85 | AU85: =AR85 | AV85: =AS85 | AW85: =stayCont[[#This Row],[out]]-stayCont[[#This Row],[in]] | AX85: =IF(AR85<>"",AX84+1,AX84) | AY85: . | BC85: =AZ85 | BD85: =BA85 | BE85: =BB85 | BF85: =stayWB[[#This Row],[out]]-stayWB[[#This Row],[in]] | BG85: =IF(BB85<>"",BG84+1,BG84) | BH85: . | BI85: DEU | BJ85: 1998 | BK85: =BI85 | BL85: =BJ85 | BM85: . | BN85: S | BO85: =BN85 | BP85: . | BQ85: =IF(BR85<>"",BQ84+1,BQ84) | BR85: SP | BS85: SSA | BT85: SP-SSA | BU85: 36150 | BV85: . | CB85: . | CC85: =IF(CD85<>"",CC84+1,CC84) | CD85: Alexandre/Brooklin | CE85: 37880 | CF85: 37882 | CG85: =CF85-CE85 | CH85: .
A86: . | B86: . | C86: =IF(raw[[#This Row],[city]]="","-",IF(raw[[#This Row],[city]]="TODAY","-",C85+1)) | D86: Manaus | E86: 29978 | F86: 29981 | G86: 1 | H86: =H85 | I86: - | J86: - | K86: =IF(raw[[#This Row],[city]]<>"",_xlfn.XLOOKUP($D86,ccc[city],ccc[prov],"-"),"-") | L86: =IF(raw[[#This Row],[city]]<>"",_xlfn.XLOOKUP($D86,ccc[city],ccc[ctry],"-"),"-") | M86: =IF(raw[[#This Row],[city]]<>"",_xlfn.XLOOKUP($D86,ccc[city],ccc[cont],"-"),"-") | N86: =IF(raw[[#This Row],[city]]="","-",IF(raw[[#This Row],[cont]]="B",raw[[#This Row],[cont]],"W")) | O86: =IF(raw[[#This Row],[out]]=0,0,IF(raw[[#This Row],[out]]=raw[[#This Row],[in]],0.01,raw[[#This Row],[out]]-raw[[#This Row],[in]])) | P86: =IF(raw[[#This Row],[in]]=0,0,MONTH(raw[[#This Row],[in]])) | Q86: =IF(raw[[#This Row],[in]]=0,0,YEAR(raw[[#This Row],[in]])) | R86: =INT(raw[[#This Row],[yr]]/10)*10 | S86: =IF(raw[[#This Row],[city]]="","-",IF(raw[[#This Row],[city]]<>_xlfn.XLOOKUP(raw[[#This Row],[home]],homes[home],homes[city],"-"),1,0)) | T86: . | U86: =IF(raw[[#This Row],[wb]]="w",raw[[#This Row],[stay]]+U85,U85) | V86: =IF(raw[[#This Row],[out]]=0,V85,(raw[[#This Row],[out]]-E$5)) | W86: =U86/V86 | X86: . | AB86: {=_xlfn.LET(_xlpm.S,_xlfn.ANCHORARRAY($Y$4),_xlpm.r,ROWS(stayCity[[#Headers],[city]]:stayCity[[#This Row],[city]])-1,IF(_xlpm.r<=ROWS(_xlpm.S),INDEX(_xlpm.S,_xlpm.r,1),""))} | AC86: {=_xlfn.LET(_xlpm.S,_xlfn.ANCHORARRAY($Y$4),_xlpm.r,ROWS(stayCity[[#Headers],[city]]:stayCity[[#This Row],[city]])-1,IF(_xlpm.r<=ROWS(_xlpm.S),INDEX(_xlpm.S,_xlpm.r,2),""))} | AD86: {=_xlfn.LET(_xlpm.S,_xlfn.ANCHORARRAY($Y$4),_xlpm.r,ROWS(stayCity[[#Headers],[city]]:stayCity[[#This Row],[city]])-1,IF(_xlpm.r<=ROWS(_xlpm.S),INDEX(_xlpm.S,_xlpm.r,3),""))} | AE86: =IF(stayCity[[#This Row],[out]]<>"",stayCity[[#This Row],[out]]-stayCity[[#This Row],[in]],"-") | AF86: =IF(Y86="","-",YEAR(stayCity[[#This Row],[in]])) | AG86: . | AK86: =IF(AH86="","-",AH86) | AL86: =AI86 | AM86: =AJ86 | AN86: =stayCtry[[#This Row],[out]]-stayCtry[[#This Row],[in]] | AO86: =IF(AI86<>"",AO85+1,AO85) | AP86: . | AT86: =AQ86 | AU86: =AR86 | AV86: =AS86 | AW86: =stayCont[[#This Row],[out]]-stayCont[[#This Row],[in]] | AX86: =IF(AR86<>"",AX85+1,AX85) | AY86: . | BC86: =AZ86 | BD86: =BA86 | BE86: =BB86 | BF86: =stayWB[[#This Row],[out]]-stayWB[[#This Row],[in]] | BG86: =IF(BB86<>"",BG85+1,BG85) | BH86: . | BI86: CHE | BJ86: 1998 | BK86: =BI86 | BL86: =BJ86 | BM86: . | BN86: B | BO86: =BN86 | BP86: . | BQ86: =IF(BR86<>"",BQ85+1,BQ85) | BR86: SSA | BS86: Lisbon | BT86: SSA-Lisbon | BU86: 36303 | BV86: . | CB86: . | CC86: =IF(CD86<>"",CC85+1,CC85) | CD86: Otavio | CE86: 37882 | CF86: 37895 | CG86: =CF86-CE86 | CH86: .
A87: . | B87: . | C87: =IF(raw[[#This Row],[city]]="","-",IF(raw[[#This Row],[city]]="TODAY","-",C86+1)) | D87: Brasilia | E87: 29981 | F87: 29982 | G87: 0.01 | H87: =H86 | I87: - | J87: - | K87: =IF(raw[[#This Row],[city]]<>"",_xlfn.XLOOKUP($D87,ccc[city],ccc[prov],"-"),"-") | L87: =IF(raw[[#This Row],[city]]<>"",_xlfn.XLOOKUP($D87,ccc[city],ccc[ctry],"-"),"-") | M87: =IF(raw[[#This Row],[city]]<>"",_xlfn.XLOOKUP($D87,ccc[city],ccc[cont],"-"),"-") | N87: =IF(raw[[#This Row],[city]]="","-",IF(raw[[#This Row],[cont]]="B",raw[[#This Row],[cont]],"W")) | O87: =IF(raw[[#This Row],[out]]=0,0,IF(raw[[#This Row],[out]]=raw[[#This Row],[in]],0.01,raw[[#This Row],[out]]-raw[[#This Row],[in]])) | P87: =IF(raw[[#This Row],[in]]=0,0,MONTH(raw[[#This Row],[in]])) | Q87: =IF(raw[[#This Row],[in]]=0,0,YEAR(raw[[#This Row],[in]])) | R87: =INT(raw[[#This Row],[yr]]/10)*10 | S87: =IF(raw[[#This Row],[city]]="","-",IF(raw[[#This Row],[city]]<>_xlfn.XLOOKUP(raw[[#This Row],[home]],homes[home],homes[city],"-"),1,0)) | T87: . | U87: =IF(raw[[#This Row],[wb]]="w",raw[[#This Row],[stay]]+U86,U86) | V87: =IF(raw[[#This Row],[out]]=0,V86,(raw[[#This Row],[out]]-E$5)) | W87: =U87/V87 | X87: . | AB87: {=_xlfn.LET(_xlpm.S,_xlfn.ANCHORARRAY($Y$4),_xlpm.r,ROWS(stayCity[[#Headers],[city]]:stayCity[[#This Row],[city]])-1,IF(_xlpm.r<=ROWS(_xlpm.S),INDEX(_xlpm.S,_xlpm.r,1),""))} | AC87: {=_xlfn.LET(_xlpm.S,_xlfn.ANCHORARRAY($Y$4),_xlpm.r,ROWS(stayCity[[#Headers],[city]]:stayCity[[#This Row],[city]])-1,IF(_xlpm.r<=ROWS(_xlpm.S),INDEX(_xlpm.S,_xlpm.r,2),""))} | AD87: {=_xlfn.LET(_xlpm.S,_xlfn.ANCHORARRAY($Y$4),_xlpm.r,ROWS(stayCity[[#Headers],[city]]:stayCity[[#This Row],[city]])-1,IF(_xlpm.r<=ROWS(_xlpm.S),INDEX(_xlpm.S,_xlpm.r,3),""))} | AE87: =IF(stayCity[[#This Row],[out]]<>"",stayCity[[#This Row],[out]]-stayCity[[#This Row],[in]],"-") | AF87: =IF(Y87="","-",YEAR(stayCity[[#This Row],[in]])) | AG87: . | AK87: =IF(AH87="","-",AH87) | AL87: =AI87 | AM87: =AJ87 | AN87: =stayCtry[[#This Row],[out]]-stayCtry[[#This Row],[in]] | AO87: =IF(AI87<>"",AO86+1,AO86) | AP87: . | AT87: =AQ87 | AU87: =AR87 | AV87: =AS87 | AW87: =stayCont[[#This Row],[out]]-stayCont[[#This Row],[in]] | AX87: =IF(AR87<>"",AX86+1,AX86) | AY87: . | BC87: =AZ87 | BD87: =BA87 | BE87: =BB87 | BF87: =stayWB[[#This Row],[out]]-stayWB[[#This Row],[in]] | BG87: =IF(BB87<>"",BG86+1,BG86) | BH87: . | BI87: ITA | BJ87: 1998 | BK87: =BI87 | BL87: =BJ87 | BM87: . | BN87: Z | BO87: =BN87 | BP87: . | BQ87: =IF(BR87<>"",BQ86+1,BQ86) | BR87: Lisbon | BS87: London | BT87: Lisbon-London | BU87: 36304 | BV87: . | CB87: . | CC87: =IF(CD87<>"",CC86+1,CC86) | CD87: David's | CE87: 37970 | CF87: 37978 | CG87: =CF87-CE87 | CH87: .
A88: . | B88: . | C88: =IF(raw[[#This Row],[city]]="","-",IF(raw[[#This Row],[city]]="TODAY","-",C87+1)) | D88: SSA | E88: 29982 | F88: 30317 | G88: - | H88: =H87 | I88: - | J88: - | K88: =IF(raw[[#This Row],[city]]<>"",_xlfn.XLOOKUP($D88,ccc[city],ccc[prov],"-"),"-") | L88: =IF(raw[[#This Row],[city]]<>"",_xlfn.XLOOKUP($D88,ccc[city],ccc[ctry],"-"),"-") | M88: =IF(raw[[#This Row],[city]]<>"",_xlfn.XLOOKUP($D88,ccc[city],ccc[cont],"-"),"-") | N88: =IF(raw[[#This Row],[city]]="","-",IF(raw[[#This Row],[cont]]="B",raw[[#This Row],[cont]],"W")) | O88: =IF(raw[[#This Row],[out]]=0,0,IF(raw[[#This Row],[out]]=raw[[#This Row],[in]],0.01,raw[[#This Row],[out]]-raw[[#This Row],[in]])) | P88: =IF(raw[[#This Row],[in]]=0,0,MONTH(raw[[#This Row],[in]])) | Q88: =IF(raw[[#This Row],[in]]=0,0,YEAR(raw[[#This Row],[in]])) | R88: =INT(raw[[#This Row],[yr]]/10)*10 | S88: =IF(raw[[#This Row],[city]]="","-",IF(raw[[#This Row],[city]]<>_xlfn.XLOOKUP(raw[[#This Row],[home]],homes[home],homes[city],"-"),1,0)) | T88: . | U88: =IF(raw[[#This Row],[wb]]="w",raw[[#This Row],[stay]]+U87,U87) | V88: =IF(raw[[#This Row],[out]]=0,V87,(raw[[#This Row],[out]]-E$5)) | W88: =U88/V88 | X88: . | AB88: {=_xlfn.LET(_xlpm.S,_xlfn.ANCHORARRAY($Y$4),_xlpm.r,ROWS(stayCity[[#Headers],[city]]:stayCity[[#This Row],[city]])-1,IF(_xlpm.r<=ROWS(_xlpm.S),INDEX(_xlpm.S,_xlpm.r,1),""))} | AC88: {=_xlfn.LET(_xlpm.S,_xlfn.ANCHORARRAY($Y$4),_xlpm.r,ROWS(stayCity[[#Headers],[city]]:stayCity[[#This Row],[city]])-1,IF(_xlpm.r<=ROWS(_xlpm.S),INDEX(_xlpm.S,_xlpm.r,2),""))} | AD88: {=_xlfn.LET(_xlpm.S,_xlfn.ANCHORARRAY($Y$4),_xlpm.r,ROWS(stayCity[[#Headers],[city]]:stayCity[[#This Row],[city]])-1,IF(_xlpm.r<=ROWS(_xlpm.S),INDEX(_xlpm.S,_xlpm.r,3),""))} | AE88: =IF(stayCity[[#This Row],[out]]<>"",stayCity[[#This Row],[out]]-stayCity[[#This Row],[in]],"-") | AF88: =IF(Y88="","-",YEAR(stayCity[[#This Row],[in]])) | AG88: . | AK88: =IF(AH88="","-",AH88) | AL88: =AI88 | AM88: =AJ88 | AN88: =stayCtry[[#This Row],[out]]-stayCtry[[#This Row],[in]] | AO88: =IF(AI88<>"",AO87+1,AO87) | AP88: . | AT88: =AQ88 | AU88: =AR88 | AV88: =AS88 | AW88: =stayCont[[#This Row],[out]]-stayCont[[#This Row],[in]] | AX88: =IF(AR88<>"",AX87+1,AX87) | AY88: . | BC88: =AZ88 | BD88: =BA88 | BE88: =BB88 | BF88: =stayWB[[#This Row],[out]]-stayWB[[#This Row],[in]] | BG88: =IF(BB88<>"",BG87+1,BG87) | BH88: . | BI88: FRA | BJ88: 1998 | BK88: =BI88 | BL88: =BJ88 | BM88: . | BN88: N | BO88: =BN88 | BP88: . | BQ88: =IF(BR88<>"",BQ87+1,BQ87) | BR88: London | BS88: Lisbon | BT88: London-Lisbon | BU88: 36320 | BV88: . | CB88: . | CC88: =IF(CD88<>"",CC87+1,CC87) | CD88: Thomas/Tufnell | CE88: 37978 | CF88: 37989 | CG88: =CF88-CE88 | CH88: .
A89: . | B89: . | C89: =IF(raw[[#This Row],[city]]="","-",IF(raw[[#This Row],[city]]="TODAY","-",C88+1)) | D89: SSA | E89: 30317 | F89: 30682 | G89: - | H89: =H88 | I89: - | J89: REV | K89: =IF(raw[[#This Row],[city]]<>"",_xlfn.XLOOKUP($D89,ccc[city],ccc[prov],"-"),"-") | L89: =IF(raw[[#This Row],[city]]<>"",_xlfn.XLOOKUP($D89,ccc[city],ccc[ctry],"-"),"-") | M89: =IF(raw[[#This Row],[city]]<>"",_xlfn.XLOOKUP($D89,ccc[city],ccc[cont],"-"),"-") | N89: =IF(raw[[#This Row],[city]]="","-",IF(raw[[#This Row],[cont]]="B",raw[[#This Row],[cont]],"W")) | O89: =IF(raw[[#This Row],[out]]=0,0,IF(raw[[#This Row],[out]]=raw[[#This Row],[in]],0.01,raw[[#This Row],[out]]-raw[[#This Row],[in]])) | P89: =IF(raw[[#This Row],[in]]=0,0,MONTH(raw[[#This Row],[in]])) | Q89: =IF(raw[[#This Row],[in]]=0,0,YEAR(raw[[#This Row],[in]])) | R89: =INT(raw[[#This Row],[yr]]/10)*10 | S89: =IF(raw[[#This Row],[city]]="","-",IF(raw[[#This Row],[city]]<>_xlfn.XLOOKUP(raw[[#This Row],[home]],homes[home],homes[city],"-"),1,0)) | T89: . | U89: =IF(raw[[#This Row],[wb]]="w",raw[[#This Row],[stay]]+U88,U88) | V89: =IF(raw[[#This Row],[out]]=0,V88,(raw[[#This Row],[out]]-E$5)) | W89: =U89/V89 | X89: . | AB89: {=_xlfn.LET(_xlpm.S,_xlfn.ANCHORARRAY($Y$4),_xlpm.r,ROWS(stayCity[[#Headers],[city]]:stayCity[[#This Row],[city]])-1,IF(_xlpm.r<=ROWS(_xlpm.S),INDEX(_xlpm.S,_xlpm.r,1),""))} | AC89: {=_xlfn.LET(_xlpm.S,_xlfn.ANCHORARRAY($Y$4),_xlpm.r,ROWS(stayCity[[#Headers],[city]]:stayCity[[#This Row],[city]])-1,IF(_xlpm.r<=ROWS(_xlpm.S),INDEX(_xlpm.S,_xlpm.r,2),""))} | AD89: {=_xlfn.LET(_xlpm.S,_xlfn.ANCHORARRAY($Y$4),_xlpm.r,ROWS(stayCity[[#Headers],[city]]:stayCity[[#This Row],[city]])-1,IF(_xlpm.r<=ROWS(_xlpm.S),INDEX(_xlpm.S,_xlpm.r,3),""))} | AE89: =IF(stayCity[[#This Row],[out]]<>"",stayCity[[#This Row],[out]]-stayCity[[#This Row],[in]],"-") | AF89: =IF(Y89="","-",YEAR(stayCity[[#This Row],[in]])) | AG89: . | AK89: =IF(AH89="","-",AH89) | AL89: =AI89 | AM89: =AJ89 | AN89: =stayCtry[[#This Row],[out]]-stayCtry[[#This Row],[in]] | AO89: =IF(AI89<>"",AO88+1,AO88) | AP89: . | AT89: =AQ89 | AU89: =AR89 | AV89: =AS89 | AW89: =stayCont[[#This Row],[out]]-stayCont[[#This Row],[in]] | AX89: =IF(AR89<>"",AX88+1,AX88) | AY89: . | BC89: =AZ89 | BD89: =BA89 | BE89: =BB89 | BF89: =stayWB[[#This Row],[out]]-stayWB[[#This Row],[in]] | BG89: =IF(BB89<>"",BG88+1,BG88) | BH89: . | BI89: UK | BJ89: 1998 | BK89: =BI89 | BL89: =BJ89 | BM89: . | BN89: Z | BO89: =BN89 | BP89: . | BQ89: =IF(BR89<>"",BQ88+1,BQ88) | BR89: Lisbon | BS89: SSA | BT89: Lisbon-SSA | BU89: 36320 | BV89: . | CB89: . | CC89: =IF(CD89<>"",CC88+1,CC88) | CD89: David's | CE89: 37997 | CF89: 37998 | CG89: =CF89-CE89 | CH89: .
A90: . | B90: . | C90: =IF(raw[[#This Row],[city]]="","-",IF(raw[[#This Row],[city]]="TODAY","-",C89+1)) | D90: SSA | E90: 30682 | F90: 30713 | G90: 1 | H90: =H89 | I90: - | J90: REV | K90: =IF(raw[[#This Row],[city]]<>"",_xlfn.XLOOKUP($D90,ccc[city],ccc[prov],"-"),"-") | L90: =IF(raw[[#This Row],[city]]<>"",_xlfn.XLOOKUP($D90,ccc[city],ccc[ctry],"-"),"-") | M90: =IF(raw[[#This Row],[city]]<>"",_xlfn.XLOOKUP($D90,ccc[city],ccc[cont],"-"),"-") | N90: =IF(raw[[#This Row],[city]]="","-",IF(raw[[#This Row],[cont]]="B",raw[[#This Row],[cont]],"W")) | O90: =IF(raw[[#This Row],[out]]=0,0,IF(raw[[#This Row],[out]]=raw[[#This Row],[in]],0.01,raw[[#This Row],[out]]-raw[[#This Row],[in]])) | P90: =IF(raw[[#This Row],[in]]=0,0,MONTH(raw[[#This Row],[in]])) | Q90: =IF(raw[[#This Row],[in]]=0,0,YEAR(raw[[#This Row],[in]])) | R90: =INT(raw[[#This Row],[yr]]/10)*10 | S90: =IF(raw[[#This Row],[city]]="","-",IF(raw[[#This Row],[city]]<>_xlfn.XLOOKUP(raw[[#This Row],[home]],homes[home],homes[city],"-"),1,0)) | T90: . | U90: =IF(raw[[#This Row],[wb]]="w",raw[[#This Row],[stay]]+U89,U89) | V90: =IF(raw[[#This Row],[out]]=0,V89,(raw[[#This Row],[out]]-E$5)) | W90: =U90/V90 | X90: . | AB90: {=_xlfn.LET(_xlpm.S,_xlfn.ANCHORARRAY($Y$4),_xlpm.r,ROWS(stayCity[[#Headers],[city]]:stayCity[[#This Row],[city]])-1,IF(_xlpm.r<=ROWS(_xlpm.S),INDEX(_xlpm.S,_xlpm.r,1),""))} | AC90: {=_xlfn.LET(_xlpm.S,_xlfn.ANCHORARRAY($Y$4),_xlpm.r,ROWS(stayCity[[#Headers],[city]]:stayCity[[#This Row],[city]])-1,IF(_xlpm.r<=ROWS(_xlpm.S),INDEX(_xlpm.S,_xlpm.r,2),""))} | AD90: {=_xlfn.LET(_xlpm.S,_xlfn.ANCHORARRAY($Y$4),_xlpm.r,ROWS(stayCity[[#Headers],[city]]:stayCity[[#This Row],[city]])-1,IF(_xlpm.r<=ROWS(_xlpm.S),INDEX(_xlpm.S,_xlpm.r,3),""))} | AE90: =IF(stayCity[[#This Row],[out]]<>"",stayCity[[#This Row],[out]]-stayCity[[#This Row],[in]],"-") | AF90: =IF(Y90="","-",YEAR(stayCity[[#This Row],[in]])) | AG90: . | AK90: =IF(AH90="","-",AH90) | AL90: =AI90 | AM90: =AJ90 | AN90: =stayCtry[[#This Row],[out]]-stayCtry[[#This Row],[in]] | AO90: =IF(AI90<>"",AO89+1,AO89) | AP90: . | AT90: =AQ90 | AU90: =AR90 | AV90: =AS90 | AW90: =stayCont[[#This Row],[out]]-stayCont[[#This Row],[in]] | AX90: =IF(AR90<>"",AX89+1,AX89) | AY90: . | BC90: =AZ90 | BD90: =BA90 | BE90: =BB90 | BF90: =stayWB[[#This Row],[out]]-stayWB[[#This Row],[in]] | BG90: =IF(BB90<>"",BG89+1,BG89) | BH90: . | BI90: FRA | BJ90: 1998 | BK90: =BI90 | BL90: =BJ90 | BM90: . | BN90: N | BO90: =BN90 | BP90: . | BQ90: =IF(BR90<>"",BQ89+1,BQ89) | BR90: SSA | BS90: SP | BT90: SSA-SP | BU90: 36420 | BV90: . | CB90: . | CC90: =IF(CD90<>"",CC89+1,CC89) | CD90: Alexandre/Brooklin | CE90: 38015 | CF90: 38018 | CG90: =CF90-CE90 | CH90: .
A91: . | B91: . | C91: =IF(raw[[#This Row],[city]]="","-",IF(raw[[#This Row],[city]]="TODAY","-",C90+1)) | D91: Lisbon | E91: 30713 | F91: 30714 | G91: 1 | H91: =H90 | I91: - | J91: - | K91: =IF(raw[[#This Row],[city]]<>"",_xlfn.XLOOKUP($D91,ccc[city],ccc[prov],"-"),"-") | L91: =IF(raw[[#This Row],[city]]<>"",_xlfn.XLOOKUP($D91,ccc[city],ccc[ctry],"-"),"-") | M91: =IF(raw[[#This Row],[city]]<>"",_xlfn.XLOOKUP($D91,ccc[city],ccc[cont],"-"),"-") | N91: =IF(raw[[#This Row],[city]]="","-",IF(raw[[#This Row],[cont]]="B",raw[[#This Row],[cont]],"W")) | O91: =IF(raw[[#This Row],[out]]=0,0,IF(raw[[#This Row],[out]]=raw[[#This Row],[in]],0.01,raw[[#This Row],[out]]-raw[[#This Row],[in]])) | P91: =IF(raw[[#This Row],[in]]=0,0,MONTH(raw[[#This Row],[in]])) | Q91: =IF(raw[[#This Row],[in]]=0,0,YEAR(raw[[#This Row],[in]])) | R91: =INT(raw[[#This Row],[yr]]/10)*10 | S91: =IF(raw[[#This Row],[city]]="","-",IF(raw[[#This Row],[city]]<>_xlfn.XLOOKUP(raw[[#This Row],[home]],homes[home],homes[city],"-"),1,0)) | T91: . | U91: =IF(raw[[#This Row],[wb]]="w",raw[[#This Row],[stay]]+U90,U90) | V91: =IF(raw[[#This Row],[out]]=0,V90,(raw[[#This Row],[out]]-E$5)) | W91: =U91/V91 | X91: . | AB91: {=_xlfn.LET(_xlpm.S,_xlfn.ANCHORARRAY($Y$4),_xlpm.r,ROWS(stayCity[[#Headers],[city]]:stayCity[[#This Row],[city]])-1,IF(_xlpm.r<=ROWS(_xlpm.S),INDEX(_xlpm.S,_xlpm.r,1),""))} | AC91: {=_xlfn.LET(_xlpm.S,_xlfn.ANCHORARRAY($Y$4),_xlpm.r,ROWS(stayCity[[#Headers],[city]]:stayCity[[#This Row],[city]])-1,IF(_xlpm.r<=ROWS(_xlpm.S),INDEX(_xlpm.S,_xlpm.r,2),""))} | AD91: {=_xlfn.LET(_xlpm.S,_xlfn.ANCHORARRAY($Y$4),_xlpm.r,ROWS(stayCity[[#Headers],[city]]:stayCity[[#This Row],[city]])-1,IF(_xlpm.r<=ROWS(_xlpm.S),INDEX(_xlpm.S,_xlpm.r,3),""))} | AE91: =IF(stayCity[[#This Row],[out]]<>"",stayCity[[#This Row],[out]]-stayCity[[#This Row],[in]],"-") | AF91: =IF(Y91="","-",YEAR(stayCity[[#This Row],[in]])) | AG91: . | AK91: =IF(AH91="","-",AH91) | AL91: =AI91 | AM91: =AJ91 | AN91: =stayCtry[[#This Row],[out]]-stayCtry[[#This Row],[in]] | AO91: =IF(AI91<>"",AO90+1,AO90) | AP91: . | AT91: =AQ91 | AU91: =AR91 | AV91: =AS91 | AW91: =stayCont[[#This Row],[out]]-stayCont[[#This Row],[in]] | AX91: =IF(AR91<>"",AX90+1,AX90) | AY91: . | BC91: =AZ91 | BD91: =BA91 | BE91: =BB91 | BF91: =stayWB[[#This Row],[out]]-stayWB[[#This Row],[in]] | BG91: =IF(BB91<>"",BG90+1,BG90) | BH91: . | BI91: LUX | BJ91: 1998 | BK91: =BI91 | BL91: =BJ91 | BM91: . | BN91: Z | BO91: =BN91 | BP91: . | BQ91: =IF(BR91<>"",BQ90+1,BQ90) | BR91: SP | BS91: SSA | BT91: SP-SSA | BU91: 36435 | BV91: . | CB91: . | CC91: =IF(CD91<>"",CC90+1,CC90) | CD91: Salto Grande | CE91: 38019 | CF91: 38022 | CG91: =CF91-CE91 | CH91: .
A92: . | B92: . | C92: =IF(raw[[#This Row],[city]]="","-",IF(raw[[#This Row],[city]]="TODAY","-",C91+1)) | D92: Rome | E92: 30714 | F92: 30718 | G92: - | H92: =H91 | I92: - | J92: - | K92: =IF(raw[[#This Row],[city]]<>"",_xlfn.XLOOKUP($D92,ccc[city],ccc[prov],"-"),"-") | L92: =IF(raw[[#This Row],[city]]<>"",_xlfn.XLOOKUP($D92,ccc[city],ccc[ctry],"-"),"-") | M92: =IF(raw[[#This Row],[city]]<>"",_xlfn.XLOOKUP($D92,ccc[city],ccc[cont],"-"),"-") | N92: =IF(raw[[#This Row],[city]]="","-",IF(raw[[#This Row],[cont]]="B",raw[[#This Row],[cont]],"W")) | O92: =IF(raw[[#This Row],[out]]=0,0,IF(raw[[#This Row],[out]]=raw[[#This Row],[in]],0.01,raw[[#This Row],[out]]-raw[[#This Row],[in]])) | P92: =IF(raw[[#This Row],[in]]=0,0,MONTH(raw[[#This Row],[in]])) | Q92: =IF(raw[[#This Row],[in]]=0,0,YEAR(raw[[#This Row],[in]])) | R92: =INT(raw[[#This Row],[yr]]/10)*10 | S92: =IF(raw[[#This Row],[city]]="","-",IF(raw[[#This Row],[city]]<>_xlfn.XLOOKUP(raw[[#This Row],[home]],homes[home],homes[city],"-"),1,0)) | T92: . | U92: =IF(raw[[#This Row],[wb]]="w",raw[[#This Row],[stay]]+U91,U91) | V92: =IF(raw[[#This Row],[out]]=0,V91,(raw[[#This Row],[out]]-E$5)) | W92: =U92/V92 | X92: . | AB92: {=_xlfn.LET(_xlpm.S,_xlfn.ANCHORARRAY($Y$4),_xlpm.r,ROWS(stayCity[[#Headers],[city]]:stayCity[[#This Row],[city]])-1,IF(_xlpm.r<=ROWS(_xlpm.S),INDEX(_xlpm.S,_xlpm.r,1),""))} | AC92: {=_xlfn.LET(_xlpm.S,_xlfn.ANCHORARRAY($Y$4),_xlpm.r,ROWS(stayCity[[#Headers],[city]]:stayCity[[#This Row],[city]])-1,IF(_xlpm.r<=ROWS(_xlpm.S),INDEX(_xlpm.S,_xlpm.r,2),""))} | AD92: {=_xlfn.LET(_xlpm.S,_xlfn.ANCHORARRAY($Y$4),_xlpm.r,ROWS(stayCity[[#Headers],[city]]:stayCity[[#This Row],[city]])-1,IF(_xlpm.r<=ROWS(_xlpm.S),INDEX(_xlpm.S,_xlpm.r,3),""))} | AE92: =IF(stayCity[[#This Row],[out]]<>"",stayCity[[#This Row],[out]]-stayCity[[#This Row],[in]],"-") | AF92: =IF(Y92="","-",YEAR(stayCity[[#This Row],[in]])) | AG92: . | AK92: =IF(AH92="","-",AH92) | AL92: =AI92 | AM92: =AJ92 | AN92: =stayCtry[[#This Row],[out]]-stayCtry[[#This Row],[in]] | AO92: =IF(AI92<>"",AO91+1,AO91) | AP92: . | AT92: =AQ92 | AU92: =AR92 | AV92: =AS92 | AW92: =stayCont[[#This Row],[out]]-stayCont[[#This Row],[in]] | AX92: =IF(AR92<>"",AX91+1,AX91) | AY92: . | BC92: =AZ92 | BD92: =BA92 | BE92: =BB92 | BF92: =stayWB[[#This Row],[out]]-stayWB[[#This Row],[in]] | BG92: =IF(BB92<>"",BG91+1,BG91) | BH92: . | BI92: FRA | BJ92: 1998 | BK92: =BI92 | BL92: =BJ92 | BM92: . | BN92: B | BO92: =BN92 | BP92: . | BQ92: =IF(BR92<>"",BQ91+1,BQ91) | BR92: SSA | BS92: SP | BT92: SSA-SP | BU92: 36561 | BV92: . | CB92: . | CC92: =IF(CD92<>"",CC91+1,CC91) | CD92: Salto Grande | CE92: 38045 | CF92: 38059 | CG92: =CF92-CE92 | CH92: .
A93: . | B93: . | C93: =IF(raw[[#This Row],[city]]="","-",IF(raw[[#This Row],[city]]="TODAY","-",C92+1)) | D93: Venice | E93: 30718 | F93: 30719 | G93: - | H93: =H92 | I93: - | J93: - | K93: =IF(raw[[#This Row],[city]]<>"",_xlfn.XLOOKUP($D93,ccc[city],ccc[prov],"-"),"-") | L93: =IF(raw[[#This Row],[city]]<>"",_xlfn.XLOOKUP($D93,ccc[city],ccc[ctry],"-"),"-") | M93: =IF(raw[[#This Row],[city]]<>"",_xlfn.XLOOKUP($D93,ccc[city],ccc[cont],"-"),"-") | N93: =IF(raw[[#This Row],[city]]="","-",IF(raw[[#This Row],[cont]]="B",raw[[#This Row],[cont]],"W")) | O93: =IF(raw[[#This Row],[out]]=0,0,IF(raw[[#This Row],[out]]=raw[[#This Row],[in]],0.01,raw[[#This Row],[out]]-raw[[#This Row],[in]])) | P93: =IF(raw[[#This Row],[in]]=0,0,MONTH(raw[[#This Row],[in]])) | Q93: =IF(raw[[#This Row],[in]]=0,0,YEAR(raw[[#This Row],[in]])) | R93: =INT(raw[[#This Row],[yr]]/10)*10 | S93: =IF(raw[[#This Row],[city]]="","-",IF(raw[[#This Row],[city]]<>_xlfn.XLOOKUP(raw[[#This Row],[home]],homes[home],homes[city],"-"),1,0)) | T93: . | U93: =IF(raw[[#This Row],[wb]]="w",raw[[#This Row],[stay]]+U92,U92) | V93: =IF(raw[[#This Row],[out]]=0,V92,(raw[[#This Row],[out]]-E$5)) | W93: =U93/V93 | X93: . | AB93: {=_xlfn.LET(_xlpm.S,_xlfn.ANCHORARRAY($Y$4),_xlpm.r,ROWS(stayCity[[#Headers],[city]]:stayCity[[#This Row],[city]])-1,IF(_xlpm.r<=ROWS(_xlpm.S),INDEX(_xlpm.S,_xlpm.r,1),""))} | AC93: {=_xlfn.LET(_xlpm.S,_xlfn.ANCHORARRAY($Y$4),_xlpm.r,ROWS(stayCity[[#Headers],[city]]:stayCity[[#This Row],[city]])-1,IF(_xlpm.r<=ROWS(_xlpm.S),INDEX(_xlpm.S,_xlpm.r,2),""))} | AD93: {=_xlfn.LET(_xlpm.S,_xlfn.ANCHORARRAY($Y$4),_xlpm.r,ROWS(stayCity[[#Headers],[city]]:stayCity[[#This Row],[city]])-1,IF(_xlpm.r<=ROWS(_xlpm.S),INDEX(_xlpm.S,_xlpm.r,3),""))} | AE93: =IF(stayCity[[#This Row],[out]]<>"",stayCity[[#This Row],[out]]-stayCity[[#This Row],[in]],"-") | AF93: =IF(Y93="","-",YEAR(stayCity[[#This Row],[in]])) | AG93: . | AK93: =IF(AH93="","-",AH93) | AL93: =AI93 | AM93: =AJ93 | AN93: =stayCtry[[#This Row],[out]]-stayCtry[[#This Row],[in]] | AO93: =IF(AI93<>"",AO92+1,AO92) | AP93: . | AT93: =AQ93 | AU93: =AR93 | AV93: =AS93 | AW93: =stayCont[[#This Row],[out]]-stayCont[[#This Row],[in]] | AX93: =IF(AR93<>"",AX92+1,AX92) | AY93: . | BC93: =AZ93 | BD93: =BA93 | BE93: =BB93 | BF93: =stayWB[[#This Row],[out]]-stayWB[[#This Row],[in]] | BG93: =IF(BB93<>"",BG92+1,BG92) | BH93: . | BI93: ESP | BJ93: 1998 | BK93: =BI93 | BL93: =BJ93 | BM93: . | BN93: Z | BO93: =BN93 | BP93: . | BQ93: =IF(BR93<>"",BQ92+1,BQ92) | BR93: SP | BS93: SSA | BT93: SP-SSA | BU93: 36607 | BV93: . | CB93: . | CC93: =IF(CD93<>"",CC92+1,CC92) | CD93: Ondina | CE93: 38323 | CF93: 38330 | CG93: =CF93-CE93 | CH93: .
A94: . | B94: . | C94: =IF(raw[[#This Row],[city]]="","-",IF(raw[[#This Row],[city]]="TODAY","-",C93+1)) | D94: Verona | E94: 30719 | F94: 30719 | G94: - | H94: =H93 | J94: - | K94: =IF(raw[[#This Row],[city]]<>"",_xlfn.XLOOKUP($D94,ccc[city],ccc[prov],"-"),"-") | L94: =IF(raw[[#This Row],[city]]<>"",_xlfn.XLOOKUP($D94,ccc[city],ccc[ctry],"-"),"-") | M94: =IF(raw[[#This Row],[city]]<>"",_xlfn.XLOOKUP($D94,ccc[city],ccc[cont],"-"),"-") | N94: =IF(raw[[#This Row],[city]]="","-",IF(raw[[#This Row],[cont]]="B",raw[[#This Row],[cont]],"W")) | O94: =IF(raw[[#This Row],[out]]=0,0,IF(raw[[#This Row],[out]]=raw[[#This Row],[in]],0.01,raw[[#This Row],[out]]-raw[[#This Row],[in]])) | P94: =IF(raw[[#This Row],[in]]=0,0,MONTH(raw[[#This Row],[in]])) | Q94: =IF(raw[[#This Row],[in]]=0,0,YEAR(raw[[#This Row],[in]])) | R94: =INT(raw[[#This Row],[yr]]/10)*10 | S94: =IF(raw[[#This Row],[city]]="","-",IF(raw[[#This Row],[city]]<>_xlfn.XLOOKUP(raw[[#This Row],[home]],homes[home],homes[city],"-"),1,0)) | T94: . | U94: =IF(raw[[#This Row],[wb]]="w",raw[[#This Row],[stay]]+U93,U93) | V94: =IF(raw[[#This Row],[out]]=0,V93,(raw[[#This Row],[out]]-E$5)) | W94: =U94/V94 | X94: . | AB94: {=_xlfn.LET(_xlpm.S,_xlfn.ANCHORARRAY($Y$4),_xlpm.r,ROWS(stayCity[[#Headers],[city]]:stayCity[[#This Row],[city]])-1,IF(_xlpm.r<=ROWS(_xlpm.S),INDEX(_xlpm.S,_xlpm.r,1),""))} | AC94: {=_xlfn.LET(_xlpm.S,_xlfn.ANCHORARRAY($Y$4),_xlpm.r,ROWS(stayCity[[#Headers],[city]]:stayCity[[#This Row],[city]])-1,IF(_xlpm.r<=ROWS(_xlpm.S),INDEX(_xlpm.S,_xlpm.r,2),""))} | AD94: {=_xlfn.LET(_xlpm.S,_xlfn.ANCHORARRAY($Y$4),_xlpm.r,ROWS(stayCity[[#Headers],[city]]:stayCity[[#This Row],[city]])-1,IF(_xlpm.r<=ROWS(_xlpm.S),INDEX(_xlpm.S,_xlpm.r,3),""))} | AE94: =IF(stayCity[[#This Row],[out]]<>"",stayCity[[#This Row],[out]]-stayCity[[#This Row],[in]],"-") | AF94: =IF(Y94="","-",YEAR(stayCity[[#This Row],[in]])) | AG94: . | AK94: =IF(AH94="","-",AH94) | AL94: =AI94 | AM94: =AJ94 | AN94: =stayCtry[[#This Row],[out]]-stayCtry[[#This Row],[in]] | AO94: =IF(AI94<>"",AO93+1,AO93) | AP94: . | AT94: =AQ94 | AU94: =AR94 | AV94: =AS94 | AW94: =stayCont[[#This Row],[out]]-stayCont[[#This Row],[in]] | AX94: =IF(AR94<>"",AX93+1,AX93) | AY94: . | BC94: =AZ94 | BD94: =BA94 | BE94: =BB94 | BF94: =stayWB[[#This Row],[out]]-stayWB[[#This Row],[in]] | BG94: =IF(BB94<>"",BG93+1,BG93) | BH94: . | BI94: FRA | BJ94: 1998 | BK94: =BI94 | BL94: =BJ94 | BM94: . | BN94: N | BO94: =BN94 | BP94: . | BQ94: =IF(BR94<>"",BQ93+1,BQ93) | BR94: SSA | BS94: SP | BT94: SSA-SP | BU94: 36614 | BV94: . | CB94: . | CC94: =IF(CD94<>"",CC93+1,CC93) | CD94: Guaecá | CE94: 38337 | CF94: 38347 | CG94: =CF94-CE94 | CH94: .
A95: . | B95: . | C95: =IF(raw[[#This Row],[city]]="","-",IF(raw[[#This Row],[city]]="TODAY","-",C94+1)) | D95: Milan | E95: 30719 | F95: 30719 | G95: - | H95: =H94 | J95: - | K95: =IF(raw[[#This Row],[city]]<>"",_xlfn.XLOOKUP($D95,ccc[city],ccc[prov],"-"),"-") | L95: =IF(raw[[#This Row],[city]]<>"",_xlfn.XLOOKUP($D95,ccc[city],ccc[ctry],"-"),"-") | M95: =IF(raw[[#This Row],[city]]<>"",_xlfn.XLOOKUP($D95,ccc[city],ccc[cont],"-"),"-") | N95: =IF(raw[[#This Row],[city]]="","-",IF(raw[[#This Row],[cont]]="B",raw[[#This Row],[cont]],"W")) | O95: =IF(raw[[#This Row],[out]]=0,0,IF(raw[[#This Row],[out]]=raw[[#This Row],[in]],0.01,raw[[#This Row],[out]]-raw[[#This Row],[in]])) | P95: =IF(raw[[#This Row],[in]]=0,0,MONTH(raw[[#This Row],[in]])) | Q95: =IF(raw[[#This Row],[in]]=0,0,YEAR(raw[[#This Row],[in]])) | R95: =INT(raw[[#This Row],[yr]]/10)*10 | S95: =IF(raw[[#This Row],[city]]="","-",IF(raw[[#This Row],[city]]<>_xlfn.XLOOKUP(raw[[#This Row],[home]],homes[home],homes[city],"-"),1,0)) | T95: . | U95: =IF(raw[[#This Row],[wb]]="w",raw[[#This Row],[stay]]+U94,U94) | V95: =IF(raw[[#This Row],[out]]=0,V94,(raw[[#This Row],[out]]-E$5)) | W95: =U95/V95 | X95: . | AB95: {=_xlfn.LET(_xlpm.S,_xlfn.ANCHORARRAY($Y$4),_xlpm.r,ROWS(stayCity[[#Headers],[city]]:stayCity[[#This Row],[city]])-1,IF(_xlpm.r<=ROWS(_xlpm.S),INDEX(_xlpm.S,_xlpm.r,1),""))} | AC95: {=_xlfn.LET(_xlpm.S,_xlfn.ANCHORARRAY($Y$4),_xlpm.r,ROWS(stayCity[[#Headers],[city]]:stayCity[[#This Row],[city]])-1,IF(_xlpm.r<=ROWS(_xlpm.S),INDEX(_xlpm.S,_xlpm.r,2),""))} | AD95: {=_xlfn.LET(_xlpm.S,_xlfn.ANCHORARRAY($Y$4),_xlpm.r,ROWS(stayCity[[#Headers],[city]]:stayCity[[#This Row],[city]])-1,IF(_xlpm.r<=ROWS(_xlpm.S),INDEX(_xlpm.S,_xlpm.r,3),""))} | AE95: =IF(stayCity[[#This Row],[out]]<>"",stayCity[[#This Row],[out]]-stayCity[[#This Row],[in]],"-") | AF95: =IF(Y95="","-",YEAR(stayCity[[#This Row],[in]])) | AG95: . | AK95: =IF(AH95="","-",AH95) | AL95: =AI95 | AM95: =AJ95 | AN95: =stayCtry[[#This Row],[out]]-stayCtry[[#This Row],[in]] | AO95: =IF(AI95<>"",AO94+1,AO94) | AP95: . | AT95: =AQ95 | AU95: =AR95 | AV95: =AS95 | AW95: =stayCont[[#This Row],[out]]-stayCont[[#This Row],[in]] | AX95: =IF(AR95<>"",AX94+1,AX94) | AY95: . | BC95: =AZ95 | BD95: =BA95 | BE95: =BB95 | BF95: =stayWB[[#This Row],[out]]-stayWB[[#This Row],[in]] | BG95: =IF(BB95<>"",BG94+1,BG94) | BH95: . | BI95: DEU | BJ95: 1998 | BK95: =BI95 | BL95: =BJ95 | BM95: . | BN95: Z | BO95: =BN95 | BP95: . | BQ95: =IF(BR95<>"",BQ94+1,BQ94) | BR95: SP | BS95: SSA | BT95: SP-SSA | BU95: 36810 | BV95: . | CB95: . | CC95: =IF(CD95<>"",CC94+1,CC94) | CD95: René/Ipanema | CE95: 38352 | CF95: 38356 | CG95: =CF95-CE95 | CH95: .
A96: . | B96: . | C96: =IF(raw[[#This Row],[city]]="","-",IF(raw[[#This Row],[city]]="TODAY","-",C95+1)) | D96: Bern | E96: 30719 | F96: 30721 | G96: - | H96: =H95 | I96: - | J96: - | K96: =IF(raw[[#This Row],[city]]<>"",_xlfn.XLOOKUP($D96,ccc[city],ccc[prov],"-"),"-") | L96: =IF(raw[[#This Row],[city]]<>"",_xlfn.XLOOKUP($D96,ccc[city],ccc[ctry],"-"),"-") | M96: =IF(raw[[#This Row],[city]]<>"",_xlfn.XLOOKUP($D96,ccc[city],ccc[cont],"-"),"-") | N96: =IF(raw[[#This Row],[city]]="","-",IF(raw[[#This Row],[cont]]="B",raw[[#This Row],[cont]],"W")) | O96: =IF(raw[[#This Row],[out]]=0,0,IF(raw[[#This Row],[out]]=raw[[#This Row],[in]],0.01,raw[[#This Row],[out]]-raw[[#This Row],[in]])) | P96: =IF(raw[[#This Row],[in]]=0,0,MONTH(raw[[#This Row],[in]])) | Q96: =IF(raw[[#This Row],[in]]=0,0,YEAR(raw[[#This Row],[in]])) | R96: =INT(raw[[#This Row],[yr]]/10)*10 | S96: =IF(raw[[#This Row],[city]]="","-",IF(raw[[#This Row],[city]]<>_xlfn.XLOOKUP(raw[[#This Row],[home]],homes[home],homes[city],"-"),1,0)) | T96: . | U96: =IF(raw[[#This Row],[wb]]="w",raw[[#This Row],[stay]]+U95,U95) | V96: =IF(raw[[#This Row],[out]]=0,V95,(raw[[#This Row],[out]]-E$5)) | W96: =U96/V96 | X96: . | AB96: {=_xlfn.LET(_xlpm.S,_xlfn.ANCHORARRAY($Y$4),_xlpm.r,ROWS(stayCity[[#Headers],[city]]:stayCity[[#This Row],[city]])-1,IF(_xlpm.r<=ROWS(_xlpm.S),INDEX(_xlpm.S,_xlpm.r,1),""))} | AC96: {=_xlfn.LET(_xlpm.S,_xlfn.ANCHORARRAY($Y$4),_xlpm.r,ROWS(stayCity[[#Headers],[city]]:stayCity[[#This Row],[city]])-1,IF(_xlpm.r<=ROWS(_xlpm.S),INDEX(_xlpm.S,_xlpm.r,2),""))} | AD96: {=_xlfn.LET(_xlpm.S,_xlfn.ANCHORARRAY($Y$4),_xlpm.r,ROWS(stayCity[[#Headers],[city]]:stayCity[[#This Row],[city]])-1,IF(_xlpm.r<=ROWS(_xlpm.S),INDEX(_xlpm.S,_xlpm.r,3),""))} | AE96: =IF(stayCity[[#This Row],[out]]<>"",stayCity[[#This Row],[out]]-stayCity[[#This Row],[in]],"-") | AF96: =IF(Y96="","-",YEAR(stayCity[[#This Row],[in]])) | AG96: . | AK96: =IF(AH96="","-",AH96) | AL96: =AI96 | AM96: =AJ96 | AN96: =stayCtry[[#This Row],[out]]-stayCtry[[#This Row],[in]] | AO96: =IF(AI96<>"",AO95+1,AO95) | AP96: . | AT96: =AQ96 | AU96: =AR96 | AV96: =AS96 | AW96: =stayCont[[#This Row],[out]]-stayCont[[#This Row],[in]] | AX96: =IF(AR96<>"",AX95+1,AX95) | AY96: . | BC96: =AZ96 | BD96: =BA96 | BE96: =BB96 | BF96: =stayWB[[#This Row],[out]]-stayWB[[#This Row],[in]] | BG96: =IF(BB96<>"",BG95+1,BG95) | BH96: . | BI96: BRA | BJ96: 1998 | BK96: =BI96 | BL96: =BJ96 | BM96: . | BN96: B | BO96: =BN96 | BP96: . | BQ96: =IF(BR96<>"",BQ95+1,BQ95) | BR96: SSA | BS96: SP | BT96: SSA-SP | BU96: 36816 | BV96: . | CB96: . | CC96: =IF(CD96<>"",CC95+1,CC95) | CD96: Tatá/Vitoria | CE96: 38443 | CF96: 38453 | CG96: =CF96-CE96 | CH96: .
A97: . | B97: . | C97: =IF(raw[[#This Row],[city]]="","-",IF(raw[[#This Row],[city]]="TODAY","-",C96+1)) | D97: Interlaken | E97: 30721 | F97: 30721 | G97: - | H97: =H96 | J97: - | K97: =IF(raw[[#This Row],[city]]<>"",_xlfn.XLOOKUP($D97,ccc[city],ccc[prov],"-"),"-") | L97: =IF(raw[[#This Row],[city]]<>"",_xlfn.XLOOKUP($D97,ccc[city],ccc[ctry],"-"),"-") | M97: =IF(raw[[#This Row],[city]]<>"",_xlfn.XLOOKUP($D97,ccc[city],ccc[cont],"-"),"-") | N97: =IF(raw[[#This Row],[city]]="","-",IF(raw[[#This Row],[cont]]="B",raw[[#This Row],[cont]],"W")) | O97: =IF(raw[[#This Row],[out]]=0,0,IF(raw[[#This Row],[out]]=raw[[#This Row],[in]],0.01,raw[[#This Row],[out]]-raw[[#This Row],[in]])) | P97: =IF(raw[[#This Row],[in]]=0,0,MONTH(raw[[#This Row],[in]])) | Q97: =IF(raw[[#This Row],[in]]=0,0,YEAR(raw[[#This Row],[in]])) | R97: =INT(raw[[#This Row],[yr]]/10)*10 | S97: =IF(raw[[#This Row],[city]]="","-",IF(raw[[#This Row],[city]]<>_xlfn.XLOOKUP(raw[[#This Row],[home]],homes[home],homes[city],"-"),1,0)) | T97: . | U97: =IF(raw[[#This Row],[wb]]="w",raw[[#This Row],[stay]]+U96,U96) | V97: =IF(raw[[#This Row],[out]]=0,V96,(raw[[#This Row],[out]]-E$5)) | W97: =U97/V97 | X97: . | AB97: {=_xlfn.LET(_xlpm.S,_xlfn.ANCHORARRAY($Y$4),_xlpm.r,ROWS(stayCity[[#Headers],[city]]:stayCity[[#This Row],[city]])-1,IF(_xlpm.r<=ROWS(_xlpm.S),INDEX(_xlpm.S,_xlpm.r,1),""))} | AC97: {=_xlfn.LET(_xlpm.S,_xlfn.ANCHORARRAY($Y$4),_xlpm.r,ROWS(stayCity[[#Headers],[city]]:stayCity[[#This Row],[city]])-1,IF(_xlpm.r<=ROWS(_xlpm.S),INDEX(_xlpm.S,_xlpm.r,2),""))} | AD97: {=_xlfn.LET(_xlpm.S,_xlfn.ANCHORARRAY($Y$4),_xlpm.r,ROWS(stayCity[[#Headers],[city]]:stayCity[[#This Row],[city]])-1,IF(_xlpm.r<=ROWS(_xlpm.S),INDEX(_xlpm.S,_xlpm.r,3),""))} | AE97: =IF(stayCity[[#This Row],[out]]<>"",stayCity[[#This Row],[out]]-stayCity[[#This Row],[in]],"-") | AF97: =IF(Y97="","-",YEAR(stayCity[[#This Row],[in]])) | AG97: . | AK97: =IF(AH97="","-",AH97) | AL97: =AI97 | AM97: =AJ97 | AN97: =stayCtry[[#This Row],[out]]-stayCtry[[#This Row],[in]] | AO97: =IF(AI97<>"",AO96+1,AO96) | AP97: . | AT97: =AQ97 | AU97: =AR97 | AV97: =AS97 | AW97: =stayCont[[#This Row],[out]]-stayCont[[#This Row],[in]] | AX97: =IF(AR97<>"",AX96+1,AX96) | AY97: . | BC97: =AZ97 | BD97: =BA97 | BE97: =BB97 | BF97: =stayWB[[#This Row],[out]]-stayWB[[#This Row],[in]] | BG97: =IF(BB97<>"",BG96+1,BG96) | BH97: . | BI97: PRT | BJ97: 1999 | BK97: =BI97 | BL97: =BJ97 | BM97: . | BN97: Z | BO97: =BN97 | BP97: . | BQ97: =IF(BR97<>"",BQ96+1,BQ96) | BR97: SP | BS97: SSA | BT97: SP-SSA | BU97: 36929 | BV97: . | CB97: . | CC97: =IF(CD97<>"",CC96+1,CC96) | CD97: Salto Grande | CE97: 38453 | CF97: 38477 | CG97: =CF97-CE97 | CH97: .
A98: . | B98: . | C98: =IF(raw[[#This Row],[city]]="","-",IF(raw[[#This Row],[city]]="TODAY","-",C97+1)) | D98: Grindenwald | E98: 30721 | F98: 30722 | G98: - | H98: =H97 | I98: - | J98: - | K98: =IF(raw[[#This Row],[city]]<>"",_xlfn.XLOOKUP($D98,ccc[city],ccc[prov],"-"),"-") | L98: =IF(raw[[#This Row],[city]]<>"",_xlfn.XLOOKUP($D98,ccc[city],ccc[ctry],"-"),"-") | M98: =IF(raw[[#This Row],[city]]<>"",_xlfn.XLOOKUP($D98,ccc[city],ccc[cont],"-"),"-") | N98: =IF(raw[[#This Row],[city]]="","-",IF(raw[[#This Row],[cont]]="B",raw[[#This Row],[cont]],"W")) | O98: =IF(raw[[#This Row],[out]]=0,0,IF(raw[[#This Row],[out]]=raw[[#This Row],[in]],0.01,raw[[#This Row],[out]]-raw[[#This Row],[in]])) | P98: =IF(raw[[#This Row],[in]]=0,0,MONTH(raw[[#This Row],[in]])) | Q98: =IF(raw[[#This Row],[in]]=0,0,YEAR(raw[[#This Row],[in]])) | R98: =INT(raw[[#This Row],[yr]]/10)*10 | S98: =IF(raw[[#This Row],[city]]="","-",IF(raw[[#This Row],[city]]<>_xlfn.XLOOKUP(raw[[#This Row],[home]],homes[home],homes[city],"-"),1,0)) | T98: . | U98: =IF(raw[[#This Row],[wb]]="w",raw[[#This Row],[stay]]+U97,U97) | V98: =IF(raw[[#This Row],[out]]=0,V97,(raw[[#This Row],[out]]-E$5)) | W98: =U98/V98 | X98: . | AB98: {=_xlfn.LET(_xlpm.S,_xlfn.ANCHORARRAY($Y$4),_xlpm.r,ROWS(stayCity[[#Headers],[city]]:stayCity[[#This Row],[city]])-1,IF(_xlpm.r<=ROWS(_xlpm.S),INDEX(_xlpm.S,_xlpm.r,1),""))} | AC98: {=_xlfn.LET(_xlpm.S,_xlfn.ANCHORARRAY($Y$4),_xlpm.r,ROWS(stayCity[[#Headers],[city]]:stayCity[[#This Row],[city]])-1,IF(_xlpm.r<=ROWS(_xlpm.S),INDEX(_xlpm.S,_xlpm.r,2),""))} | AD98: {=_xlfn.LET(_xlpm.S,_xlfn.ANCHORARRAY($Y$4),_xlpm.r,ROWS(stayCity[[#Headers],[city]]:stayCity[[#This Row],[city]])-1,IF(_xlpm.r<=ROWS(_xlpm.S),INDEX(_xlpm.S,_xlpm.r,3),""))} | AE98: =IF(stayCity[[#This Row],[out]]<>"",stayCity[[#This Row],[out]]-stayCity[[#This Row],[in]],"-") | AF98: =IF(Y98="","-",YEAR(stayCity[[#This Row],[in]])) | AG98: . | AK98: =IF(AH98="","-",AH98) | AL98: =AI98 | AM98: =AJ98 | AN98: =stayCtry[[#This Row],[out]]-stayCtry[[#This Row],[in]] | AO98: =IF(AI98<>"",AO97+1,AO97) | AP98: . | AT98: =AQ98 | AU98: =AR98 | AV98: =AS98 | AW98: =stayCont[[#This Row],[out]]-stayCont[[#This Row],[in]] | AX98: =IF(AR98<>"",AX97+1,AX97) | AY98: . | BC98: =AZ98 | BD98: =BA98 | BE98: =BB98 | BF98: =stayWB[[#This Row],[out]]-stayWB[[#This Row],[in]] | BG98: =IF(BB98<>"",BG97+1,BG97) | BH98: . | BI98: UK | BJ98: 1999 | BK98: =BI98 | BL98: =BJ98 | BM98: . | BN98: N | BO98: =BN98 | BP98: . | BQ98: =IF(BR98<>"",BQ97+1,BQ97) | BR98: SSA | BS98: SP | BT98: SSA-SP | BU98: 36956 | BV98: . | CB98: . | CC98: =IF(CD98<>"",CC97+1,CC97) | CD98: David's | CE98: 38497 | CF98: 38507 | CG98: =CF98-CE98 | CH98: .
A99: . | B99: . | C99: =IF(raw[[#This Row],[city]]="","-",IF(raw[[#This Row],[city]]="TODAY","-",C98+1)) | D99: Freiburg | E99: 30722 | F99: 30722 | G99: - | H99: =H98 | I99: - | J99: - | K99: =IF(raw[[#This Row],[city]]<>"",_xlfn.XLOOKUP($D99,ccc[city],ccc[prov],"-"),"-") | L99: =IF(raw[[#This Row],[city]]<>"",_xlfn.XLOOKUP($D99,ccc[city],ccc[ctry],"-"),"-") | M99: =IF(raw[[#This Row],[city]]<>"",_xlfn.XLOOKUP($D99,ccc[city],ccc[cont],"-"),"-") | N99: =IF(raw[[#This Row],[city]]="","-",IF(raw[[#This Row],[cont]]="B",raw[[#This Row],[cont]],"W")) | O99: =IF(raw[[#This Row],[out]]=0,0,IF(raw[[#This Row],[out]]=raw[[#This Row],[in]],0.01,raw[[#This Row],[out]]-raw[[#This Row],[in]])) | P99: =IF(raw[[#This Row],[in]]=0,0,MONTH(raw[[#This Row],[in]])) | Q99: =IF(raw[[#This Row],[in]]=0,0,YEAR(raw[[#This Row],[in]])) | R99: =INT(raw[[#This Row],[yr]]/10)*10 | S99: =IF(raw[[#This Row],[city]]="","-",IF(raw[[#This Row],[city]]<>_xlfn.XLOOKUP(raw[[#This Row],[home]],homes[home],homes[city],"-"),1,0)) | T99: . | U99: =IF(raw[[#This Row],[wb]]="w",raw[[#This Row],[stay]]+U98,U98) | V99: =IF(raw[[#This Row],[out]]=0,V98,(raw[[#This Row],[out]]-E$5)) | W99: =U99/V99 | X99: . | AB99: {=_xlfn.LET(_xlpm.S,_xlfn.ANCHORARRAY($Y$4),_xlpm.r,ROWS(stayCity[[#Headers],[city]]:stayCity[[#This Row],[city]])-1,IF(_xlpm.r<=ROWS(_xlpm.S),INDEX(_xlpm.S,_xlpm.r,1),""))} | AC99: {=_xlfn.LET(_xlpm.S,_xlfn.ANCHORARRAY($Y$4),_xlpm.r,ROWS(stayCity[[#Headers],[city]]:stayCity[[#This Row],[city]])-1,IF(_xlpm.r<=ROWS(_xlpm.S),INDEX(_xlpm.S,_xlpm.r,2),""))} | AD99: {=_xlfn.LET(_xlpm.S,_xlfn.ANCHORARRAY($Y$4),_xlpm.r,ROWS(stayCity[[#Headers],[city]]:stayCity[[#This Row],[city]])-1,IF(_xlpm.r<=ROWS(_xlpm.S),INDEX(_xlpm.S,_xlpm.r,3),""))} | AE99: =IF(stayCity[[#This Row],[out]]<>"",stayCity[[#This Row],[out]]-stayCity[[#This Row],[in]],"-") | AF99: =IF(Y99="","-",YEAR(stayCity[[#This Row],[in]])) | AG99: . | AK99: =IF(AH99="","-",AH99) | AL99: =AI99 | AM99: =AJ99 | AN99: =stayCtry[[#This Row],[out]]-stayCtry[[#This Row],[in]] | AO99: =IF(AI99<>"",AO98+1,AO98) | AP99: . | AT99: =AQ99 | AU99: =AR99 | AV99: =AS99 | AW99: =stayCont[[#This Row],[out]]-stayCont[[#This Row],[in]] | AX99: =IF(AR99<>"",AX98+1,AX98) | AY99: . | BC99: =AZ99 | BD99: =BA99 | BE99: =BB99 | BF99: =stayWB[[#This Row],[out]]-stayWB[[#This Row],[in]] | BG99: =IF(BB99<>"",BG98+1,BG98) | BH99: . | BI99: FRA | BJ99: 1999 | BK99: =BI99 | BL99: =BJ99 | BM99: . | BN99: Z | BO99: =BN99 | BP99: . | BQ99: =IF(BR99<>"",BQ98+1,BQ98) | BR99: SP | BS99: SSA | BT99: SP-SSA | BU99: 37225 | BV99: . | CB99: . | CC99: =IF(CD99<>"",CC98+1,CC98) | CD99: VF | CE99: 38509 | CF99: 38595 | CG99: =CF99-CE99 | CH99: .
A100: . | B100: . | C100: =IF(raw[[#This Row],[city]]="","-",IF(raw[[#This Row],[city]]="TODAY","-",C99+1)) | D100: Offenburg | E100: 30722 | F100: 30722 | G100: - | H100: =H99 | J100: - | K100: =IF(raw[[#This Row],[city]]<>"",_xlfn.XLOOKUP($D100,ccc[city],ccc[prov],"-"),"-") | L100: =IF(raw[[#This Row],[city]]<>"",_xlfn.XLOOKUP($D100,ccc[city],ccc[ctry],"-"),"-") | M100: =IF(raw[[#This Row],[city]]<>"",_xlfn.XLOOKUP($D100,ccc[city],ccc[cont],"-"),"-") | N100: =IF(raw[[#This Row],[city]]="","-",IF(raw[[#This Row],[cont]]="B",raw[[#This Row],[cont]],"W")) | O100: =IF(raw[[#This Row],[out]]=0,0,IF(raw[[#This Row],[out]]=raw[[#This Row],[in]],0.01,raw[[#This Row],[out]]-raw[[#This Row],[in]])) | P100: =IF(raw[[#This Row],[in]]=0,0,MONTH(raw[[#This Row],[in]])) | Q100: =IF(raw[[#This Row],[in]]=0,0,YEAR(raw[[#This Row],[in]])) | R100: =INT(raw[[#This Row],[yr]]/10)*10 | S100: =IF(raw[[#This Row],[city]]="","-",IF(raw[[#This Row],[city]]<>_xlfn.XLOOKUP(raw[[#This Row],[home]],homes[home],homes[city],"-"),1,0)) | T100: . | U100: =IF(raw[[#This Row],[wb]]="w",raw[[#This Row],[stay]]+U99,U99) | V100: =IF(raw[[#This Row],[out]]=0,V99,(raw[[#This Row],[out]]-E$5)) | W100: =U100/V100 | X100: . | AB100: {=_xlfn.LET(_xlpm.S,_xlfn.ANCHORARRAY($Y$4),_xlpm.r,ROWS(stayCity[[#Headers],[city]]:stayCity[[#This Row],[city]])-1,IF(_xlpm.r<=ROWS(_xlpm.S),INDEX(_xlpm.S,_xlpm.r,1),""))} | AC100: {=_xlfn.LET(_xlpm.S,_xlfn.ANCHORARRAY($Y$4),_xlpm.r,ROWS(stayCity[[#Headers],[city]]:stayCity[[#This Row],[city]])-1,IF(_xlpm.r<=ROWS(_xlpm.S),INDEX(_xlpm.S,_xlpm.r,2),""))} | AD100: {=_xlfn.LET(_xlpm.S,_xlfn.ANCHORARRAY($Y$4),_xlpm.r,ROWS(stayCity[[#Headers],[city]]:stayCity[[#This Row],[city]])-1,IF(_xlpm.r<=ROWS(_xlpm.S),INDEX(_xlpm.S,_xlpm.r,3),""))} | AE100: =IF(stayCity[[#This Row],[out]]<>"",stayCity[[#This Row],[out]]-stayCity[[#This Row],[in]],"-") | AF100: =IF(Y100="","-",YEAR(stayCity[[#This Row],[in]])) | AG100: . | AK100: =IF(AH100="","-",AH100) | AL100: =AI100 | AM100: =AJ100 | AN100: =stayCtry[[#This Row],[out]]-stayCtry[[#This Row],[in]] | AO100: =IF(AI100<>"",AO99+1,AO99) | AP100: . | AT100: =AQ100 | AU100: =AR100 | AV100: =AS100 | AW100: =stayCont[[#This Row],[out]]-stayCont[[#This Row],[in]] | AX100: =IF(AR100<>"",AX99+1,AX99) | AY100: . | BC100: =AZ100 | BD100: =BA100 | BE100: =BB100 | BF100: =stayWB[[#This Row],[out]]-stayWB[[#This Row],[in]] | BG100: =IF(BB100<>"",BG99+1,BG99) | BH100: . | BI100: UK | BJ100: 1999 | BK100: =BI100 | BL100: =BJ100 | BM100: . | BN100: B | BO100: =BN100 | BP100: . | BQ100: =IF(BR100<>"",BQ99+1,BQ99) | BR100: SSA | BS100: SP | BT100: SSA-SP | BU100: 37235 | BV100: . | CB100: . | CC100: =IF(CD100<>"",CC99+1,CC99) | CD100: David's | CE100: 38633 | CF100: 38638 | CG100: =CF100-CE100 | CH100: .
A101: . | B101: . | C101: =IF(raw[[#This Row],[city]]="","-",IF(raw[[#This Row],[city]]="TODAY","-",C100+1)) | D101: Baden-Baden | E101: 30722 | F101: 30724 | G101: - | H101: =H100 | J101: - | K101: =IF(raw[[#This Row],[city]]<>"",_xlfn.XLOOKUP($D101,ccc[city],ccc[prov],"-"),"-") | L101: =IF(raw[[#This Row],[city]]<>"",_xlfn.XLOOKUP($D101,ccc[city],ccc[ctry],"-"),"-") | M101: =IF(raw[[#This Row],[city]]<>"",_xlfn.XLOOKUP($D101,ccc[city],ccc[cont],"-"),"-") | N101: =IF(raw[[#This Row],[city]]="","-",IF(raw[[#This Row],[cont]]="B",raw[[#This Row],[cont]],"W")) | O101: =IF(raw[[#This Row],[out]]=0,0,IF(raw[[#This Row],[out]]=raw[[#This Row],[in]],0.01,raw[[#This Row],[out]]-raw[[#This Row],[in]])) | P101: =IF(raw[[#This Row],[in]]=0,0,MONTH(raw[[#This Row],[in]])) | Q101: =IF(raw[[#This Row],[in]]=0,0,YEAR(raw[[#This Row],[in]])) | R101: =INT(raw[[#This Row],[yr]]/10)*10 | S101: =IF(raw[[#This Row],[city]]="","-",IF(raw[[#This Row],[city]]<>_xlfn.XLOOKUP(raw[[#This Row],[home]],homes[home],homes[city],"-"),1,0)) | T101: . | U101: =IF(raw[[#This Row],[wb]]="w",raw[[#This Row],[stay]]+U100,U100) | V101: =IF(raw[[#This Row],[out]]=0,V100,(raw[[#This Row],[out]]-E$5)) | W101: =U101/V101 | X101: . | AB101: {=_xlfn.LET(_xlpm.S,_xlfn.ANCHORARRAY($Y$4),_xlpm.r,ROWS(stayCity[[#Headers],[city]]:stayCity[[#This Row],[city]])-1,IF(_xlpm.r<=ROWS(_xlpm.S),INDEX(_xlpm.S,_xlpm.r,1),""))} | AC101: {=_xlfn.LET(_xlpm.S,_xlfn.ANCHORARRAY($Y$4),_xlpm.r,ROWS(stayCity[[#Headers],[city]]:stayCity[[#This Row],[city]])-1,IF(_xlpm.r<=ROWS(_xlpm.S),INDEX(_xlpm.S,_xlpm.r,2),""))} | AD101: {=_xlfn.LET(_xlpm.S,_xlfn.ANCHORARRAY($Y$4),_xlpm.r,ROWS(stayCity[[#Headers],[city]]:stayCity[[#This Row],[city]])-1,IF(_xlpm.r<=ROWS(_xlpm.S),INDEX(_xlpm.S,_xlpm.r,3),""))} | AE101: =IF(stayCity[[#This Row],[out]]<>"",stayCity[[#This Row],[out]]-stayCity[[#This Row],[in]],"-") | AF101: =IF(Y101="","-",YEAR(stayCity[[#This Row],[in]])) | AG101: . | AK101: =IF(AH101="","-",AH101) | AL101: =AI101 | AM101: =AJ101 | AN101: =stayCtry[[#This Row],[out]]-stayCtry[[#This Row],[in]] | AO101: =IF(AI101<>"",AO100+1,AO100) | AP101: . | AT101: =AQ101 | AU101: =AR101 | AV101: =AS101 | AW101: =stayCont[[#This Row],[out]]-stayCont[[#This Row],[in]] | AX101: =IF(AR101<>"",AX100+1,AX100) | AY101: . | BC101: =AZ101 | BD101: =BA101 | BE101: =BB101 | BF101: =stayWB[[#This Row],[out]]-stayWB[[#This Row],[in]] | BG101: =IF(BB101<>"",BG100+1,BG100) | BH101: . | BI101: PRT | BJ101: 1999 | BK101: =BI101 | BL101: =BJ101 | BM101: . | BN101: N | BO101: =BN101 | BP101: . | BQ101: =IF(BR101<>"",BQ100+1,BQ100) | BR101: Rio | BS101: SSA | BT101: Rio-SSA | BU101: 37288 | BV101: . | CB101: . | CC101: =IF(CD101<>"",CC100+1,CC100) | CD101: Bado/Morumbi | CE101: 38664 | CF101: 38691 | CG101: =CF101-CE101 | CH101: .
A102: . | B102: . | C102: =IF(raw[[#This Row],[city]]="","-",IF(raw[[#This Row],[city]]="TODAY","-",C101+1)) | D102: Freudenstadt | E102: 30724 | F102: 30726 | G102: - | H102: =H101 | J102: - | K102: =IF(raw[[#This Row],[city]]<>"",_xlfn.XLOOKUP($D102,ccc[city],ccc[prov],"-"),"-") | L102: =IF(raw[[#This Row],[city]]<>"",_xlfn.XLOOKUP($D102,ccc[city],ccc[ctry],"-"),"-") | M102: =IF(raw[[#This Row],[city]]<>"",_xlfn.XLOOKUP($D102,ccc[city],ccc[cont],"-"),"-") | N102: =IF(raw[[#This Row],[city]]="","-",IF(raw[[#This Row],[cont]]="B",raw[[#This Row],[cont]],"W")) | O102: =IF(raw[[#This Row],[out]]=0,0,IF(raw[[#This Row],[out]]=raw[[#This Row],[in]],0.01,raw[[#This Row],[out]]-raw[[#This Row],[in]])) | P102: =IF(raw[[#This Row],[in]]=0,0,MONTH(raw[[#This Row],[in]])) | Q102: =IF(raw[[#This Row],[in]]=0,0,YEAR(raw[[#This Row],[in]])) | R102: =INT(raw[[#This Row],[yr]]/10)*10 | S102: =IF(raw[[#This Row],[city]]="","-",IF(raw[[#This Row],[city]]<>_xlfn.XLOOKUP(raw[[#This Row],[home]],homes[home],homes[city],"-"),1,0)) | T102: . | U102: =IF(raw[[#This Row],[wb]]="w",raw[[#This Row],[stay]]+U101,U101) | V102: =IF(raw[[#This Row],[out]]=0,V101,(raw[[#This Row],[out]]-E$5)) | W102: =U102/V102 | X102: . | AB102: {=_xlfn.LET(_xlpm.S,_xlfn.ANCHORARRAY($Y$4),_xlpm.r,ROWS(stayCity[[#Headers],[city]]:stayCity[[#This Row],[city]])-1,IF(_xlpm.r<=ROWS(_xlpm.S),INDEX(_xlpm.S,_xlpm.r,1),""))} | AC102: {=_xlfn.LET(_xlpm.S,_xlfn.ANCHORARRAY($Y$4),_xlpm.r,ROWS(stayCity[[#Headers],[city]]:stayCity[[#This Row],[city]])-1,IF(_xlpm.r<=ROWS(_xlpm.S),INDEX(_xlpm.S,_xlpm.r,2),""))} | AD102: {=_xlfn.LET(_xlpm.S,_xlfn.ANCHORARRAY($Y$4),_xlpm.r,ROWS(stayCity[[#Headers],[city]]:stayCity[[#This Row],[city]])-1,IF(_xlpm.r<=ROWS(_xlpm.S),INDEX(_xlpm.S,_xlpm.r,3),""))} | AE102: =IF(stayCity[[#This Row],[out]]<>"",stayCity[[#This Row],[out]]-stayCity[[#This Row],[in]],"-") | AF102: =IF(Y102="","-",YEAR(stayCity[[#This Row],[in]])) | AG102: . | AK102: =IF(AH102="","-",AH102) | AL102: =AI102 | AM102: =AJ102 | AN102: =stayCtry[[#This Row],[out]]-stayCtry[[#This Row],[in]] | AO102: =IF(AI102<>"",AO101+1,AO101) | AP102: . | AT102: =AQ102 | AU102: =AR102 | AV102: =AS102 | AW102: =stayCont[[#This Row],[out]]-stayCont[[#This Row],[in]] | AX102: =IF(AR102<>"",AX101+1,AX101) | AY102: . | BC102: =AZ102 | BD102: =BA102 | BE102: =BB102 | BF102: =stayWB[[#This Row],[out]]-stayWB[[#This Row],[in]] | BG102: =IF(BB102<>"",BG101+1,BG101) | BH102: . | BI102: BRA | BJ102: 1999 | BK102: =BI102 | BL102: =BJ102 | BM102: . | BN102: Z | BO102: =BN102 | BP102: . | BQ102: =IF(BR102<>"",BQ101+1,BQ101) | BR102: SSA | BS102: SP | BT102: SSA-SP | BU102: 37304 | BV102: . | CB102: . | CC102: =IF(CD102<>"",CC101+1,CC101) | CD102: Salto Grande | CE102: 38826 | CF102: 38841 | CG102: =CF102-CE102 | CH102: .
A103: . | B103: . | C103: =IF(raw[[#This Row],[city]]="","-",IF(raw[[#This Row],[city]]="TODAY","-",C102+1)) | D103: Wiesbaden | E103: 30726 | F103: 30726 | G103: - | H103: =H102 | I103: - | J103: - | K103: =IF(raw[[#This Row],[city]]<>"",_xlfn.XLOOKUP($D103,ccc[city],ccc[prov],"-"),"-") | L103: =IF(raw[[#This Row],[city]]<>"",_xlfn.XLOOKUP($D103,ccc[city],ccc[ctry],"-"),"-") | M103: =IF(raw[[#This Row],[city]]<>"",_xlfn.XLOOKUP($D103,ccc[city],ccc[cont],"-"),"-") | N103: =IF(raw[[#This Row],[city]]="","-",IF(raw[[#This Row],[cont]]="B",raw[[#This Row],[cont]],"W")) | O103: =IF(raw[[#This Row],[out]]=0,0,IF(raw[[#This Row],[out]]=raw[[#This Row],[in]],0.01,raw[[#This Row],[out]]-raw[[#This Row],[in]])) | P103: =IF(raw[[#This Row],[in]]=0,0,MONTH(raw[[#This Row],[in]])) | Q103: =IF(raw[[#This Row],[in]]=0,0,YEAR(raw[[#This Row],[in]])) | R103: =INT(raw[[#This Row],[yr]]/10)*10 | S103: =IF(raw[[#This Row],[city]]="","-",IF(raw[[#This Row],[city]]<>_xlfn.XLOOKUP(raw[[#This Row],[home]],homes[home],homes[city],"-"),1,0)) | T103: . | U103: =IF(raw[[#This Row],[wb]]="w",raw[[#This Row],[stay]]+U102,U102) | V103: =IF(raw[[#This Row],[out]]=0,V102,(raw[[#This Row],[out]]-E$5)) | W103: =U103/V103 | X103: . | AB103: {=_xlfn.LET(_xlpm.S,_xlfn.ANCHORARRAY($Y$4),_xlpm.r,ROWS(stayCity[[#Headers],[city]]:stayCity[[#This Row],[city]])-1,IF(_xlpm.r<=ROWS(_xlpm.S),INDEX(_xlpm.S,_xlpm.r,1),""))} | AC103: {=_xlfn.LET(_xlpm.S,_xlfn.ANCHORARRAY($Y$4),_xlpm.r,ROWS(stayCity[[#Headers],[city]]:stayCity[[#This Row],[city]])-1,IF(_xlpm.r<=ROWS(_xlpm.S),INDEX(_xlpm.S,_xlpm.r,2),""))} | AD103: {=_xlfn.LET(_xlpm.S,_xlfn.ANCHORARRAY($Y$4),_xlpm.r,ROWS(stayCity[[#Headers],[city]]:stayCity[[#This Row],[city]])-1,IF(_xlpm.r<=ROWS(_xlpm.S),INDEX(_xlpm.S,_xlpm.r,3),""))} | AE103: =IF(stayCity[[#This Row],[out]]<>"",stayCity[[#This Row],[out]]-stayCity[[#This Row],[in]],"-") | AF103: =IF(Y103="","-",YEAR(stayCity[[#This Row],[in]])) | AG103: . | AK103: =IF(AH103="","-",AH103) | AL103: =AI103 | AM103: =AJ103 | AN103: =stayCtry[[#This Row],[out]]-stayCtry[[#This Row],[in]] | AO103: =IF(AI103<>"",AO102+1,AO102) | AP103: . | AT103: =AQ103 | AU103: =AR103 | AV103: =AS103 | AW103: =stayCont[[#This Row],[out]]-stayCont[[#This Row],[in]] | AX103: =IF(AR103<>"",AX102+1,AX102) | AY103: . | BC103: =AZ103 | BD103: =BA103 | BE103: =BB103 | BF103: =stayWB[[#This Row],[out]]-stayWB[[#This Row],[in]] | BG103: =IF(BB103<>"",BG102+1,BG102) | BH103: . | BI103: USA | BJ103: 2003 | BK103: =BI103 | BL103: =BJ103 | BM103: . | BN103: B | BO103: =BN103 | BP103: . | BQ103: =IF(BR103<>"",BQ102+1,BQ102) | BR103: SP | BS103: SSA | BT103: SP-SSA | BU103: 37423 | BV103: . | CB103: . | CC103: =IF(CD103<>"",CC102+1,CC102) | CD103: Salto Grande | CE103: 38869 | CF103: 38897 | CG103: =CF103-CE103 | CH103: .
A104: . | B104: . | C104: =IF(raw[[#This Row],[city]]="","-",IF(raw[[#This Row],[city]]="TODAY","-",C103+1)) | D104: Rudesheim | E104: 30726 | F104: 30726 | G104: - | H104: =H103 | J104: - | K104: =IF(raw[[#This Row],[city]]<>"",_xlfn.XLOOKUP($D104,ccc[city],ccc[prov],"-"),"-") | L104: =IF(raw[[#This Row],[city]]<>"",_xlfn.XLOOKUP($D104,ccc[city],ccc[ctry],"-"),"-") | M104: =IF(raw[[#This Row],[city]]<>"",_xlfn.XLOOKUP($D104,ccc[city],ccc[cont],"-"),"-") | N104: =IF(raw[[#This Row],[city]]="","-",IF(raw[[#This Row],[cont]]="B",raw[[#This Row],[cont]],"W")) | O104: =IF(raw[[#This Row],[out]]=0,0,IF(raw[[#This Row],[out]]=raw[[#This Row],[in]],0.01,raw[[#This Row],[out]]-raw[[#This Row],[in]])) | P104: =IF(raw[[#This Row],[in]]=0,0,MONTH(raw[[#This Row],[in]])) | Q104: =IF(raw[[#This Row],[in]]=0,0,YEAR(raw[[#This Row],[in]])) | R104: =INT(raw[[#This Row],[yr]]/10)*10 | S104: =IF(raw[[#This Row],[city]]="","-",IF(raw[[#This Row],[city]]<>_xlfn.XLOOKUP(raw[[#This Row],[home]],homes[home],homes[city],"-"),1,0)) | T104: . | U104: =IF(raw[[#This Row],[wb]]="w",raw[[#This Row],[stay]]+U103,U103) | V104: =IF(raw[[#This Row],[out]]=0,V103,(raw[[#This Row],[out]]-E$5)) | W104: =U104/V104 | X104: . | AB104: {=_xlfn.LET(_xlpm.S,_xlfn.ANCHORARRAY($Y$4),_xlpm.r,ROWS(stayCity[[#Headers],[city]]:stayCity[[#This Row],[city]])-1,IF(_xlpm.r<=ROWS(_xlpm.S),INDEX(_xlpm.S,_xlpm.r,1),""))} | AC104: {=_xlfn.LET(_xlpm.S,_xlfn.ANCHORARRAY($Y$4),_xlpm.r,ROWS(stayCity[[#Headers],[city]]:stayCity[[#This Row],[city]])-1,IF(_xlpm.r<=ROWS(_xlpm.S),INDEX(_xlpm.S,_xlpm.r,2),""))} | AD104: {=_xlfn.LET(_xlpm.S,_xlfn.ANCHORARRAY($Y$4),_xlpm.r,ROWS(stayCity[[#Headers],[city]]:stayCity[[#This Row],[city]])-1,IF(_xlpm.r<=ROWS(_xlpm.S),INDEX(_xlpm.S,_xlpm.r,3),""))} | AE104: =IF(stayCity[[#This Row],[out]]<>"",stayCity[[#This Row],[out]]-stayCity[[#This Row],[in]],"-") | AF104: =IF(Y104="","-",YEAR(stayCity[[#This Row],[in]])) | AG104: . | AK104: =IF(AH104="","-",AH104) | AL104: =AI104 | AM104: =AJ104 | AN104: =stayCtry[[#This Row],[out]]-stayCtry[[#This Row],[in]] | AO104: =IF(AI104<>"",AO103+1,AO103) | AP104: . | AT104: =AQ104 | AU104: =AR104 | AV104: =AS104 | AW104: =stayCont[[#This Row],[out]]-stayCont[[#This Row],[in]] | AX104: =IF(AR104<>"",AX103+1,AX103) | AY104: . | BC104: =AZ104 | BD104: =BA104 | BE104: =BB104 | BF104: =stayWB[[#This Row],[out]]-stayWB[[#This Row],[in]] | BG104: =IF(BB104<>"",BG103+1,BG103) | BH104: . | BI104: UK | BJ104: 2003 | BK104: =BI104 | BL104: =BJ104 | BM104: . | BN104: Z | BO104: =BN104 | BP104: . | BQ104: =IF(BR104<>"",BQ103+1,BQ103) | BR104: SSA | BS104: SP | BT104: SSA-SP | BU104: 37427 | BV104: . | CB104: . | CC104: =IF(CD104<>"",CC103+1,CC103) | CD104: Bado/Morumbi | CE104: 39219 | CF104: 39222 | CG104: =CF104-CE104 | CH104: .
A105: . | B105: . | C105: =IF(raw[[#This Row],[city]]="","-",IF(raw[[#This Row],[city]]="TODAY","-",C104+1)) | D105: Assmannshausen | E105: 30726 | F105: 30726 | G105: - | H105: =H104 | J105: - | K105: =IF(raw[[#This Row],[city]]<>"",_xlfn.XLOOKUP($D105,ccc[city],ccc[prov],"-"),"-") | L105: =IF(raw[[#This Row],[city]]<>"",_xlfn.XLOOKUP($D105,ccc[city],ccc[ctry],"-"),"-") | M105: =IF(raw[[#This Row],[city]]<>"",_xlfn.XLOOKUP($D105,ccc[city],ccc[cont],"-"),"-") | N105: =IF(raw[[#This Row],[city]]="","-",IF(raw[[#This Row],[cont]]="B",raw[[#This Row],[cont]],"W")) | O105: =IF(raw[[#This Row],[out]]=0,0,IF(raw[[#This Row],[out]]=raw[[#This Row],[in]],0.01,raw[[#This Row],[out]]-raw[[#This Row],[in]])) | P105: =IF(raw[[#This Row],[in]]=0,0,MONTH(raw[[#This Row],[in]])) | Q105: =IF(raw[[#This Row],[in]]=0,0,YEAR(raw[[#This Row],[in]])) | R105: =INT(raw[[#This Row],[yr]]/10)*10 | S105: =IF(raw[[#This Row],[city]]="","-",IF(raw[[#This Row],[city]]<>_xlfn.XLOOKUP(raw[[#This Row],[home]],homes[home],homes[city],"-"),1,0)) | T105: . | U105: =IF(raw[[#This Row],[wb]]="w",raw[[#This Row],[stay]]+U104,U104) | V105: =IF(raw[[#This Row],[out]]=0,V104,(raw[[#This Row],[out]]-E$5)) | W105: =U105/V105 | X105: . | AB105: {=_xlfn.LET(_xlpm.S,_xlfn.ANCHORARRAY($Y$4),_xlpm.r,ROWS(stayCity[[#Headers],[city]]:stayCity[[#This Row],[city]])-1,IF(_xlpm.r<=ROWS(_xlpm.S),INDEX(_xlpm.S,_xlpm.r,1),""))} | AC105: {=_xlfn.LET(_xlpm.S,_xlfn.ANCHORARRAY($Y$4),_xlpm.r,ROWS(stayCity[[#Headers],[city]]:stayCity[[#This Row],[city]])-1,IF(_xlpm.r<=ROWS(_xlpm.S),INDEX(_xlpm.S,_xlpm.r,2),""))} | AD105: {=_xlfn.LET(_xlpm.S,_xlfn.ANCHORARRAY($Y$4),_xlpm.r,ROWS(stayCity[[#Headers],[city]]:stayCity[[#This Row],[city]])-1,IF(_xlpm.r<=ROWS(_xlpm.S),INDEX(_xlpm.S,_xlpm.r,3),""))} | AE105: =IF(stayCity[[#This Row],[out]]<>"",stayCity[[#This Row],[out]]-stayCity[[#This Row],[in]],"-") | AF105: =IF(Y105="","-",YEAR(stayCity[[#This Row],[in]])) | AG105: . | AK105: =IF(AH105="","-",AH105) | AL105: =AI105 | AM105: =AJ105 | AN105: =stayCtry[[#This Row],[out]]-stayCtry[[#This Row],[in]] | AO105: =IF(AI105<>"",AO104+1,AO104) | AP105: . | AT105: =AQ105 | AU105: =AR105 | AV105: =AS105 | AW105: =stayCont[[#This Row],[out]]-stayCont[[#This Row],[in]] | AX105: =IF(AR105<>"",AX104+1,AX104) | AY105: . | BC105: =AZ105 | BD105: =BA105 | BE105: =BB105 | BF105: =stayWB[[#This Row],[out]]-stayWB[[#This Row],[in]] | BG105: =IF(BB105<>"",BG104+1,BG104) | BH105: . | BI105: ISL | BJ105: 2003 | BK105: =BI105 | BL105: =BJ105 | BM105: . | BN105: N | BO105: =BN105 | BP105: . | BQ105: =IF(BR105<>"",BQ104+1,BQ104) | BR105: SP | BS105: SSA | BT105: SP-SSA | BU105: 37525 | BV105: . | CB105: . | CC105: =IF(CD105<>"",CC104+1,CC104) | CD105: Salto Grande | CE105: 39226 | CF105: 39233 | CG105: =CF105-CE105 | CH105: .
A106: . | B106: . | C106: =IF(raw[[#This Row],[city]]="","-",IF(raw[[#This Row],[city]]="TODAY","-",C105+1)) | D106: Bacharach | E106: 30726 | F106: 30726 | G106: - | H106: =H105 | J106: - | K106: =IF(raw[[#This Row],[city]]<>"",_xlfn.XLOOKUP($D106,ccc[city],ccc[prov],"-"),"-") | L106: =IF(raw[[#This Row],[city]]<>"",_xlfn.XLOOKUP($D106,ccc[city],ccc[ctry],"-"),"-") | M106: =IF(raw[[#This Row],[city]]<>"",_xlfn.XLOOKUP($D106,ccc[city],ccc[cont],"-"),"-") | N106: =IF(raw[[#This Row],[city]]="","-",IF(raw[[#This Row],[cont]]="B",raw[[#This Row],[cont]],"W")) | O106: =IF(raw[[#This Row],[out]]=0,0,IF(raw[[#This Row],[out]]=raw[[#This Row],[in]],0.01,raw[[#This Row],[out]]-raw[[#This Row],[in]])) | P106: =IF(raw[[#This Row],[in]]=0,0,MONTH(raw[[#This Row],[in]])) | Q106: =IF(raw[[#This Row],[in]]=0,0,YEAR(raw[[#This Row],[in]])) | R106: =INT(raw[[#This Row],[yr]]/10)*10 | S106: =IF(raw[[#This Row],[city]]="","-",IF(raw[[#This Row],[city]]<>_xlfn.XLOOKUP(raw[[#This Row],[home]],homes[home],homes[city],"-"),1,0)) | T106: . | U106: =IF(raw[[#This Row],[wb]]="w",raw[[#This Row],[stay]]+U105,U105) | V106: =IF(raw[[#This Row],[out]]=0,V105,(raw[[#This Row],[out]]-E$5)) | W106: =U106/V106 | X106: . | AB106: {=_xlfn.LET(_xlpm.S,_xlfn.ANCHORARRAY($Y$4),_xlpm.r,ROWS(stayCity[[#Headers],[city]]:stayCity[[#This Row],[city]])-1,IF(_xlpm.r<=ROWS(_xlpm.S),INDEX(_xlpm.S,_xlpm.r,1),""))} | AC106: {=_xlfn.LET(_xlpm.S,_xlfn.ANCHORARRAY($Y$4),_xlpm.r,ROWS(stayCity[[#Headers],[city]]:stayCity[[#This Row],[city]])-1,IF(_xlpm.r<=ROWS(_xlpm.S),INDEX(_xlpm.S,_xlpm.r,2),""))} | AD106: {=_xlfn.LET(_xlpm.S,_xlfn.ANCHORARRAY($Y$4),_xlpm.r,ROWS(stayCity[[#Headers],[city]]:stayCity[[#This Row],[city]])-1,IF(_xlpm.r<=ROWS(_xlpm.S),INDEX(_xlpm.S,_xlpm.r,3),""))} | AE106: =IF(stayCity[[#This Row],[out]]<>"",stayCity[[#This Row],[out]]-stayCity[[#This Row],[in]],"-") | AF106: =IF(Y106="","-",YEAR(stayCity[[#This Row],[in]])) | AG106: . | AK106: =IF(AH106="","-",AH106) | AL106: =AI106 | AM106: =AJ106 | AN106: =stayCtry[[#This Row],[out]]-stayCtry[[#This Row],[in]] | AO106: =IF(AI106<>"",AO105+1,AO105) | AP106: . | AT106: =AQ106 | AU106: =AR106 | AV106: =AS106 | AW106: =stayCont[[#This Row],[out]]-stayCont[[#This Row],[in]] | AX106: =IF(AR106<>"",AX105+1,AX105) | AY106: . | BC106: =AZ106 | BD106: =BA106 | BE106: =BB106 | BF106: =stayWB[[#This Row],[out]]-stayWB[[#This Row],[in]] | BG106: =IF(BB106<>"",BG105+1,BG105) | BH106: . | BI106: USA | BJ106: 2003 | BK106: =BI106 | BL106: =BJ106 | BM106: . | BN106: Z | BO106: =BN106 | BP106: . | BQ106: =IF(BR106<>"",BQ105+1,BQ105) | BR106: SSA | BS106: SP | BT106: SSA-SP | BU106: 37530 | BV106: . | CB106: . | CC106: =IF(CD106<>"",CC105+1,CC105) | CD106: Renê/Ipanema | CE106: 39233 | CF106: 39241 | CG106: =CF106-CE106 | CH106: .
A107: . | B107: . | C107: =IF(raw[[#This Row],[city]]="","-",IF(raw[[#This Row],[city]]="TODAY","-",C106+1)) | D107: St. Goarshausen | E107: 30726 | F107: 30726 | G107: - | H107: =H106 | J107: - | K107: =IF(raw[[#This Row],[city]]<>"",_xlfn.XLOOKUP($D107,ccc[city],ccc[prov],"-"),"-") | L107: =IF(raw[[#This Row],[city]]<>"",_xlfn.XLOOKUP($D107,ccc[city],ccc[ctry],"-"),"-") | M107: =IF(raw[[#This Row],[city]]<>"",_xlfn.XLOOKUP($D107,ccc[city],ccc[cont],"-"),"-") | N107: =IF(raw[[#This Row],[city]]="","-",IF(raw[[#This Row],[cont]]="B",raw[[#This Row],[cont]],"W")) | O107: =IF(raw[[#This Row],[out]]=0,0,IF(raw[[#This Row],[out]]=raw[[#This Row],[in]],0.01,raw[[#This Row],[out]]-raw[[#This Row],[in]])) | P107: =IF(raw[[#This Row],[in]]=0,0,MONTH(raw[[#This Row],[in]])) | Q107: =IF(raw[[#This Row],[in]]=0,0,YEAR(raw[[#This Row],[in]])) | R107: =INT(raw[[#This Row],[yr]]/10)*10 | S107: =IF(raw[[#This Row],[city]]="","-",IF(raw[[#This Row],[city]]<>_xlfn.XLOOKUP(raw[[#This Row],[home]],homes[home],homes[city],"-"),1,0)) | T107: . | U107: =IF(raw[[#This Row],[wb]]="w",raw[[#This Row],[stay]]+U106,U106) | V107: =IF(raw[[#This Row],[out]]=0,V106,(raw[[#This Row],[out]]-E$5)) | W107: =U107/V107 | X107: . | AB107: {=_xlfn.LET(_xlpm.S,_xlfn.ANCHORARRAY($Y$4),_xlpm.r,ROWS(stayCity[[#Headers],[city]]:stayCity[[#This Row],[city]])-1,IF(_xlpm.r<=ROWS(_xlpm.S),INDEX(_xlpm.S,_xlpm.r,1),""))} | AC107: {=_xlfn.LET(_xlpm.S,_xlfn.ANCHORARRAY($Y$4),_xlpm.r,ROWS(stayCity[[#Headers],[city]]:stayCity[[#This Row],[city]])-1,IF(_xlpm.r<=ROWS(_xlpm.S),INDEX(_xlpm.S,_xlpm.r,2),""))} | AD107: {=_xlfn.LET(_xlpm.S,_xlfn.ANCHORARRAY($Y$4),_xlpm.r,ROWS(stayCity[[#Headers],[city]]:stayCity[[#This Row],[city]])-1,IF(_xlpm.r<=ROWS(_xlpm.S),INDEX(_xlpm.S,_xlpm.r,3),""))} | AE107: =IF(stayCity[[#This Row],[out]]<>"",stayCity[[#This Row],[out]]-stayCity[[#This Row],[in]],"-") | AF107: =IF(Y107="","-",YEAR(stayCity[[#This Row],[in]])) | AG107: . | AK107: =IF(AH107="","-",AH107) | AL107: =AI107 | AM107: =AJ107 | AN107: =stayCtry[[#This Row],[out]]-stayCtry[[#This Row],[in]] | AO107: =IF(AI107<>"",AO106+1,AO106) | AP107: . | AT107: =AQ107 | AU107: =AR107 | AV107: =AS107 | AW107: =stayCont[[#This Row],[out]]-stayCont[[#This Row],[in]] | AX107: =IF(AR107<>"",AX106+1,AX106) | AY107: . | BC107: =AZ107 | BD107: =BA107 | BE107: =BB107 | BF107: =stayWB[[#This Row],[out]]-stayWB[[#This Row],[in]] | BG107: =IF(BB107<>"",BG106+1,BG106) | BH107: . | BI107: UK | BJ107: 2003 | BK107: =BI107 | BL107: =BJ107 | BM107: . | BN107: A | BO107: =BN107 | BP107: . | BQ107: =IF(BR107<>"",BQ106+1,BQ106) | BR107: SP | BS107: SSA | BT107: SP-SSA | BU107: 37555 | BV107: . | CB107: . | CC107: =IF(CD107<>"",CC106+1,CC106) | CD107: Thomas/Cornwall | CE107: 39257 | CF107: 39262 | CG107: =CF107-CE107 | CH107: .
A108: . | B108: . | C108: =IF(raw[[#This Row],[city]]="","-",IF(raw[[#This Row],[city]]="TODAY","-",C107+1)) | D108: Oberwesel | E108: 30726 | F108: 30726 | G108: - | H108: =H107 | J108: - | K108: =IF(raw[[#This Row],[city]]<>"",_xlfn.XLOOKUP($D108,ccc[city],ccc[prov],"-"),"-") | L108: =IF(raw[[#This Row],[city]]<>"",_xlfn.XLOOKUP($D108,ccc[city],ccc[ctry],"-"),"-") | M108: =IF(raw[[#This Row],[city]]<>"",_xlfn.XLOOKUP($D108,ccc[city],ccc[cont],"-"),"-") | N108: =IF(raw[[#This Row],[city]]="","-",IF(raw[[#This Row],[cont]]="B",raw[[#This Row],[cont]],"W")) | O108: =IF(raw[[#This Row],[out]]=0,0,IF(raw[[#This Row],[out]]=raw[[#This Row],[in]],0.01,raw[[#This Row],[out]]-raw[[#This Row],[in]])) | P108: =IF(raw[[#This Row],[in]]=0,0,MONTH(raw[[#This Row],[in]])) | Q108: =IF(raw[[#This Row],[in]]=0,0,YEAR(raw[[#This Row],[in]])) | R108: =INT(raw[[#This Row],[yr]]/10)*10 | S108: =IF(raw[[#This Row],[city]]="","-",IF(raw[[#This Row],[city]]<>_xlfn.XLOOKUP(raw[[#This Row],[home]],homes[home],homes[city],"-"),1,0)) | T108: . | U108: =IF(raw[[#This Row],[wb]]="w",raw[[#This Row],[stay]]+U107,U107) | V108: =IF(raw[[#This Row],[out]]=0,V107,(raw[[#This Row],[out]]-E$5)) | W108: =U108/V108 | X108: . | AB108: {=_xlfn.LET(_xlpm.S,_xlfn.ANCHORARRAY($Y$4),_xlpm.r,ROWS(stayCity[[#Headers],[city]]:stayCity[[#This Row],[city]])-1,IF(_xlpm.r<=ROWS(_xlpm.S),INDEX(_xlpm.S,_xlpm.r,1),""))} | AC108: {=_xlfn.LET(_xlpm.S,_xlfn.ANCHORARRAY($Y$4),_xlpm.r,ROWS(stayCity[[#Headers],[city]]:stayCity[[#This Row],[city]])-1,IF(_xlpm.r<=ROWS(_xlpm.S),INDEX(_xlpm.S,_xlpm.r,2),""))} | AD108: {=_xlfn.LET(_xlpm.S,_xlfn.ANCHORARRAY($Y$4),_xlpm.r,ROWS(stayCity[[#Headers],[city]]:stayCity[[#This Row],[city]])-1,IF(_xlpm.r<=ROWS(_xlpm.S),INDEX(_xlpm.S,_xlpm.r,3),""))} | AE108: =IF(stayCity[[#This Row],[out]]<>"",stayCity[[#This Row],[out]]-stayCity[[#This Row],[in]],"-") | AF108: =IF(Y108="","-",YEAR(stayCity[[#This Row],[in]])) | AG108: . | AK108: =IF(AH108="","-",AH108) | AL108: =AI108 | AM108: =AJ108 | AN108: =stayCtry[[#This Row],[out]]-stayCtry[[#This Row],[in]] | AO108: =IF(AI108<>"",AO107+1,AO107) | AP108: . | AT108: =AQ108 | AU108: =AR108 | AV108: =AS108 | AW108: =stayCont[[#This Row],[out]]-stayCont[[#This Row],[in]] | AX108: =IF(AR108<>"",AX107+1,AX107) | AY108: . | BC108: =AZ108 | BD108: =BA108 | BE108: =BB108 | BF108: =stayWB[[#This Row],[out]]-stayWB[[#This Row],[in]] | BG108: =IF(BB108<>"",BG107+1,BG107) | BH108: . | BI108: CHE | BJ108: 2004 | BK108: =BI108 | BL108: =BJ108 | BM108: . | BN108: N | BO108: =BN108 | BP108: . | BQ108: =IF(BR108<>"",BQ107+1,BQ107) | BR108: SSA | BS108: SP | BT108: SSA-SP | BU108: 37564 | BV108: . | CB108: . | CC108: =IF(CD108<>"",CC107+1,CC107) | CD108: Mauricio | CE108: 39291 | CF108: 39298 | CG108: =CF108-CE108 | CH108: .
A109: . | B109: . | C109: =IF(raw[[#This Row],[city]]="","-",IF(raw[[#This Row],[city]]="TODAY","-",C108+1)) | D109: Bonn | E109: 30726 | F109: 30726 | G109: - | H109: =H108 | I109: - | J109: - | K109: =IF(raw[[#This Row],[city]]<>"",_xlfn.XLOOKUP($D109,ccc[city],ccc[prov],"-"),"-") | L109: =IF(raw[[#This Row],[city]]<>"",_xlfn.XLOOKUP($D109,ccc[city],ccc[ctry],"-"),"-") | M109: =IF(raw[[#This Row],[city]]<>"",_xlfn.XLOOKUP($D109,ccc[city],ccc[cont],"-"),"-") | N109: =IF(raw[[#This Row],[city]]="","-",IF(raw[[#This Row],[cont]]="B",raw[[#This Row],[cont]],"W")) | O109: =IF(raw[[#This Row],[out]]=0,0,IF(raw[[#This Row],[out]]=raw[[#This Row],[in]],0.01,raw[[#This Row],[out]]-raw[[#This Row],[in]])) | P109: =IF(raw[[#This Row],[in]]=0,0,MONTH(raw[[#This Row],[in]])) | Q109: =IF(raw[[#This Row],[in]]=0,0,YEAR(raw[[#This Row],[in]])) | R109: =INT(raw[[#This Row],[yr]]/10)*10 | S109: =IF(raw[[#This Row],[city]]="","-",IF(raw[[#This Row],[city]]<>_xlfn.XLOOKUP(raw[[#This Row],[home]],homes[home],homes[city],"-"),1,0)) | T109: . | U109: =IF(raw[[#This Row],[wb]]="w",raw[[#This Row],[stay]]+U108,U108) | V109: =IF(raw[[#This Row],[out]]=0,V108,(raw[[#This Row],[out]]-E$5)) | W109: =U109/V109 | X109: . | AB109: {=_xlfn.LET(_xlpm.S,_xlfn.ANCHORARRAY($Y$4),_xlpm.r,ROWS(stayCity[[#Headers],[city]]:stayCity[[#This Row],[city]])-1,IF(_xlpm.r<=ROWS(_xlpm.S),INDEX(_xlpm.S,_xlpm.r,1),""))} | AC109: {=_xlfn.LET(_xlpm.S,_xlfn.ANCHORARRAY($Y$4),_xlpm.r,ROWS(stayCity[[#Headers],[city]]:stayCity[[#This Row],[city]])-1,IF(_xlpm.r<=ROWS(_xlpm.S),INDEX(_xlpm.S,_xlpm.r,2),""))} | AD109: {=_xlfn.LET(_xlpm.S,_xlfn.ANCHORARRAY($Y$4),_xlpm.r,ROWS(stayCity[[#Headers],[city]]:stayCity[[#This Row],[city]])-1,IF(_xlpm.r<=ROWS(_xlpm.S),INDEX(_xlpm.S,_xlpm.r,3),""))} | AE109: =IF(stayCity[[#This Row],[out]]<>"",stayCity[[#This Row],[out]]-stayCity[[#This Row],[in]],"-") | AF109: =IF(Y109="","-",YEAR(stayCity[[#This Row],[in]])) | AG109: . | AK109: =IF(AH109="","-",AH109) | AL109: =AI109 | AM109: =AJ109 | AN109: =stayCtry[[#This Row],[out]]-stayCtry[[#This Row],[in]] | AO109: =IF(AI109<>"",AO108+1,AO108) | AP109: . | AT109: =AQ109 | AU109: =AR109 | AV109: =AS109 | AW109: =stayCont[[#This Row],[out]]-stayCont[[#This Row],[in]] | AX109: =IF(AR109<>"",AX108+1,AX108) | AY109: . | BC109: =AZ109 | BD109: =BA109 | BE109: =BB109 | BF109: =stayWB[[#This Row],[out]]-stayWB[[#This Row],[in]] | BG109: =IF(BB109<>"",BG108+1,BG108) | BH109: . | BI109: FRA | BJ109: 2004 | BK109: =BI109 | BL109: =BJ109 | BM109: . | BN109: Z | BO109: =BN109 | BP109: . | BQ109: =IF(BR109<>"",BQ108+1,BQ108) | BR109: SP | BS109: BH | BT109: SP-BH | BU109: 37573 | BV109: . | CB109: . | CC109: =IF(CD109<>"",CC108+1,CC108) | CD109: David's | CE109: 39347 | CF109: 39354 | CG109: =CF109-CE109 | CH109: .
A110: . | B110: . | C110: =IF(raw[[#This Row],[city]]="","-",IF(raw[[#This Row],[city]]="TODAY","-",C109+1)) | D110: Koln | E110: 30726 | F110: 30729 | G110: - | H110: =H109 | I110: - | J110: - | K110: =IF(raw[[#This Row],[city]]<>"",_xlfn.XLOOKUP($D110,ccc[city],ccc[prov],"-"),"-") | L110: =IF(raw[[#This Row],[city]]<>"",_xlfn.XLOOKUP($D110,ccc[city],ccc[ctry],"-"),"-") | M110: =IF(raw[[#This Row],[city]]<>"",_xlfn.XLOOKUP($D110,ccc[city],ccc[cont],"-"),"-") | N110: =IF(raw[[#This Row],[city]]="","-",IF(raw[[#This Row],[cont]]="B",raw[[#This Row],[cont]],"W")) | O110: =IF(raw[[#This Row],[out]]=0,0,IF(raw[[#This Row],[out]]=raw[[#This Row],[in]],0.01,raw[[#This Row],[out]]-raw[[#This Row],[in]])) | P110: =IF(raw[[#This Row],[in]]=0,0,MONTH(raw[[#This Row],[in]])) | Q110: =IF(raw[[#This Row],[in]]=0,0,YEAR(raw[[#This Row],[in]])) | R110: =INT(raw[[#This Row],[yr]]/10)*10 | S110: =IF(raw[[#This Row],[city]]="","-",IF(raw[[#This Row],[city]]<>_xlfn.XLOOKUP(raw[[#This Row],[home]],homes[home],homes[city],"-"),1,0)) | T110: . | U110: =IF(raw[[#This Row],[wb]]="w",raw[[#This Row],[stay]]+U109,U109) | V110: =IF(raw[[#This Row],[out]]=0,V109,(raw[[#This Row],[out]]-E$5)) | W110: =U110/V110 | X110: . | AB110: {=_xlfn.LET(_xlpm.S,_xlfn.ANCHORARRAY($Y$4),_xlpm.r,ROWS(stayCity[[#Headers],[city]]:stayCity[[#This Row],[city]])-1,IF(_xlpm.r<=ROWS(_xlpm.S),INDEX(_xlpm.S,_xlpm.r,1),""))} | AC110: {=_xlfn.LET(_xlpm.S,_xlfn.ANCHORARRAY($Y$4),_xlpm.r,ROWS(stayCity[[#Headers],[city]]:stayCity[[#This Row],[city]])-1,IF(_xlpm.r<=ROWS(_xlpm.S),INDEX(_xlpm.S,_xlpm.r,2),""))} | AD110: {=_xlfn.LET(_xlpm.S,_xlfn.ANCHORARRAY($Y$4),_xlpm.r,ROWS(stayCity[[#Headers],[city]]:stayCity[[#This Row],[city]])-1,IF(_xlpm.r<=ROWS(_xlpm.S),INDEX(_xlpm.S,_xlpm.r,3),""))} | AE110: =IF(stayCity[[#This Row],[out]]<>"",stayCity[[#This Row],[out]]-stayCity[[#This Row],[in]],"-") | AF110: =IF(Y110="","-",YEAR(stayCity[[#This Row],[in]])) | AG110: . | AK110: =IF(AH110="","-",AH110) | AL110: =AI110 | AM110: =AJ110 | AN110: =stayCtry[[#This Row],[out]]-stayCtry[[#This Row],[in]] | AO110: =IF(AI110<>"",AO109+1,AO109) | AP110: . | AT110: =AQ110 | AU110: =AR110 | AV110: =AS110 | AW110: =stayCont[[#This Row],[out]]-stayCont[[#This Row],[in]] | AX110: =IF(AR110<>"",AX109+1,AX109) | AY110: . | BC110: =AZ110 | BD110: =BA110 | BE110: =BB110 | BF110: =stayWB[[#This Row],[out]]-stayWB[[#This Row],[in]] | BG110: =IF(BB110<>"",BG109+1,BG109) | BH110: . | BI110: CHE | BJ110: 2004 | BK110: =BI110 | BL110: =BJ110 | BM110: . | BN110: E | BO110: =BN110 | BP110: . | BQ110: =IF(BR110<>"",BQ109+1,BQ109) | BR110: SP | BS110: Rio | BT110: SP-Rio | BU110: 37609 | BV110: . | CB110: . | CC110: =IF(CD110<>"",CC109+1,CC109) | CD110: Salto Grande | CE110: 39368 | CF110: 39375 | CG110: =CF110-CE110 | CH110: .
A111: . | B111: . | C111: =IF(raw[[#This Row],[city]]="","-",IF(raw[[#This Row],[city]]="TODAY","-",C110+1)) | D111: Amsterdam | E111: 30729 | F111: 30731 | G111: - | H111: =H110 | I111: - | J111: - | K111: =IF(raw[[#This Row],[city]]<>"",_xlfn.XLOOKUP($D111,ccc[city],ccc[prov],"-"),"-") | L111: =IF(raw[[#This Row],[city]]<>"",_xlfn.XLOOKUP($D111,ccc[city],ccc[ctry],"-"),"-") | M111: =IF(raw[[#This Row],[city]]<>"",_xlfn.XLOOKUP($D111,ccc[city],ccc[cont],"-"),"-") | N111: =IF(raw[[#This Row],[city]]="","-",IF(raw[[#This Row],[cont]]="B",raw[[#This Row],[cont]],"W")) | O111: =IF(raw[[#This Row],[out]]=0,0,IF(raw[[#This Row],[out]]=raw[[#This Row],[in]],0.01,raw[[#This Row],[out]]-raw[[#This Row],[in]])) | P111: =IF(raw[[#This Row],[in]]=0,0,MONTH(raw[[#This Row],[in]])) | Q111: =IF(raw[[#This Row],[in]]=0,0,YEAR(raw[[#This Row],[in]])) | R111: =INT(raw[[#This Row],[yr]]/10)*10 | S111: =IF(raw[[#This Row],[city]]="","-",IF(raw[[#This Row],[city]]<>_xlfn.XLOOKUP(raw[[#This Row],[home]],homes[home],homes[city],"-"),1,0)) | T111: . | U111: =IF(raw[[#This Row],[wb]]="w",raw[[#This Row],[stay]]+U110,U110) | V111: =IF(raw[[#This Row],[out]]=0,V110,(raw[[#This Row],[out]]-E$5)) | W111: =U111/V111 | X111: . | AB111: {=_xlfn.LET(_xlpm.S,_xlfn.ANCHORARRAY($Y$4),_xlpm.r,ROWS(stayCity[[#Headers],[city]]:stayCity[[#This Row],[city]])-1,IF(_xlpm.r<=ROWS(_xlpm.S),INDEX(_xlpm.S,_xlpm.r,1),""))} | AC111: {=_xlfn.LET(_xlpm.S,_xlfn.ANCHORARRAY($Y$4),_xlpm.r,ROWS(stayCity[[#Headers],[city]]:stayCity[[#This Row],[city]])-1,IF(_xlpm.r<=ROWS(_xlpm.S),INDEX(_xlpm.S,_xlpm.r,2),""))} | AD111: {=_xlfn.LET(_xlpm.S,_xlfn.ANCHORARRAY($Y$4),_xlpm.r,ROWS(stayCity[[#Headers],[city]]:stayCity[[#This Row],[city]])-1,IF(_xlpm.r<=ROWS(_xlpm.S),INDEX(_xlpm.S,_xlpm.r,3),""))} | AE111: =IF(stayCity[[#This Row],[out]]<>"",stayCity[[#This Row],[out]]-stayCity[[#This Row],[in]],"-") | AF111: =IF(Y111="","-",YEAR(stayCity[[#This Row],[in]])) | AG111: . | AK111: =IF(AH111="","-",AH111) | AL111: =AI111 | AM111: =AJ111 | AN111: =stayCtry[[#This Row],[out]]-stayCtry[[#This Row],[in]] | AO111: =IF(AI111<>"",AO110+1,AO110) | AP111: . | AT111: =AQ111 | AU111: =AR111 | AV111: =AS111 | AW111: =stayCont[[#This Row],[out]]-stayCont[[#This Row],[in]] | AX111: =IF(AR111<>"",AX110+1,AX110) | AY111: . | BC111: =AZ111 | BD111: =BA111 | BE111: =BB111 | BF111: =stayWB[[#This Row],[out]]-stayWB[[#This Row],[in]] | BG111: =IF(BB111<>"",BG110+1,BG110) | BH111: . | BI111: UK | BJ111: 2004 | BK111: =BI111 | BL111: =BJ111 | BM111: . | BN111: N | BO111: =BN111 | BP111: . | BQ111: =IF(BR111<>"",BQ110+1,BQ110) | BR111: SSA | BS111: SP | BT111: SSA-SP | BU111: 37632 | BV111: . | CB111: . | CC111: =IF(CD111<>"",CC110+1,CC110) | CD111: Porto do Sol | CE111: 39453 | CF111: 39456 | CG111: =CF111-CE111 | CH111: .
A112: . | B112: . | C112: =IF(raw[[#This Row],[city]]="","-",IF(raw[[#This Row],[city]]="TODAY","-",C111+1)) | D112: Paris | E112: 30731 | F112: 30736 | G112: - | H112: =H111 | I112: - | J112: - | K112: =IF(raw[[#This Row],[city]]<>"",_xlfn.XLOOKUP($D112,ccc[city],ccc[prov],"-"),"-") | L112: =IF(raw[[#This Row],[city]]<>"",_xlfn.XLOOKUP($D112,ccc[city],ccc[ctry],"-"),"-") | M112: =IF(raw[[#This Row],[city]]<>"",_xlfn.XLOOKUP($D112,ccc[city],ccc[cont],"-"),"-") | N112: =IF(raw[[#This Row],[city]]="","-",IF(raw[[#This Row],[cont]]="B",raw[[#This Row],[cont]],"W")) | O112: =IF(raw[[#This Row],[out]]=0,0,IF(raw[[#This Row],[out]]=raw[[#This Row],[in]],0.01,raw[[#This Row],[out]]-raw[[#This Row],[in]])) | P112: =IF(raw[[#This Row],[in]]=0,0,MONTH(raw[[#This Row],[in]])) | Q112: =IF(raw[[#This Row],[in]]=0,0,YEAR(raw[[#This Row],[in]])) | R112: =INT(raw[[#This Row],[yr]]/10)*10 | S112: =IF(raw[[#This Row],[city]]="","-",IF(raw[[#This Row],[city]]<>_xlfn.XLOOKUP(raw[[#This Row],[home]],homes[home],homes[city],"-"),1,0)) | T112: . | U112: =IF(raw[[#This Row],[wb]]="w",raw[[#This Row],[stay]]+U111,U111) | V112: =IF(raw[[#This Row],[out]]=0,V111,(raw[[#This Row],[out]]-E$5)) | W112: =U112/V112 | X112: . | AB112: {=_xlfn.LET(_xlpm.S,_xlfn.ANCHORARRAY($Y$4),_xlpm.r,ROWS(stayCity[[#Headers],[city]]:stayCity[[#This Row],[city]])-1,IF(_xlpm.r<=ROWS(_xlpm.S),INDEX(_xlpm.S,_xlpm.r,1),""))} | AC112: {=_xlfn.LET(_xlpm.S,_xlfn.ANCHORARRAY($Y$4),_xlpm.r,ROWS(stayCity[[#Headers],[city]]:stayCity[[#This Row],[city]])-1,IF(_xlpm.r<=ROWS(_xlpm.S),INDEX(_xlpm.S,_xlpm.r,2),""))} | AD112: {=_xlfn.LET(_xlpm.S,_xlfn.ANCHORARRAY($Y$4),_xlpm.r,ROWS(stayCity[[#Headers],[city]]:stayCity[[#This Row],[city]])-1,IF(_xlpm.r<=ROWS(_xlpm.S),INDEX(_xlpm.S,_xlpm.r,3),""))} | AE112: =IF(stayCity[[#This Row],[out]]<>"",stayCity[[#This Row],[out]]-stayCity[[#This Row],[in]],"-") | AF112: =IF(Y112="","-",YEAR(stayCity[[#This Row],[in]])) | AG112: . | AK112: =IF(AH112="","-",AH112) | AL112: =AI112 | AM112: =AJ112 | AN112: =stayCtry[[#This Row],[out]]-stayCtry[[#This Row],[in]] | AO112: =IF(AI112<>"",AO111+1,AO111) | AP112: . | AT112: =AQ112 | AU112: =AR112 | AV112: =AS112 | AW112: =stayCont[[#This Row],[out]]-stayCont[[#This Row],[in]] | AX112: =IF(AR112<>"",AX111+1,AX111) | AY112: . | BC112: =AZ112 | BD112: =BA112 | BE112: =BB112 | BF112: =stayWB[[#This Row],[out]]-stayWB[[#This Row],[in]] | BG112: =IF(BB112<>"",BG111+1,BG111) | BH112: . | BI112: USA | BJ112: 2004 | BK112: =BI112 | BL112: =BJ112 | BM112: . | BN112: Z | BO112: =BN112 | BP112: . | BQ112: =IF(BR112<>"",BQ111+1,BQ111) | BR112: SP | BS112: SSA | BT112: SP-SSA | BU112: 37637 | BV112: . | CB112: . | CC112: =IF(CD112<>"",CC111+1,CC111) | CD112: Rato/Vila Mariana | CE112: 39534 | CF112: 39539 | CG112: =CF112-CE112 | CH112: .
